LGR5|human|NP_003658.1	dlaeveM00000441839	33.908	870	1.11e-143	466	89
LGR5|human|NP_003658.1	dlaeveM00000727719	31.597	883	9.29e-138	434	90
LGR5|human|NP_003658.1	dlaeveM00000308285	28.094	299	2.04e-39	158	33
LGR5|human|NP_003658.1	dlaeveM00000612275	29.167	432	7.98e-33	137	46
LGR5|human|NP_003658.1	dlaeveM00000612275	30.719	306	1.01e-18	92.0	46
LGR5|human|NP_003658.1	dlaeveM00000612275	32.812	192	6.93e-13	73.2	46
LGR5|human|NP_003658.1	dlaeveM00001121277	28.889	450	4.58e-30	126	48
LGR5|human|NP_003658.1	dlaeveM00000132191	25.440	511	2.03e-29	126	83
LGR5|human|NP_003658.1	dlaeveM00000132191	28.788	198	7.39e-14	76.3	83
LGR5|human|NP_003658.1	dlaeveM00000132191	32.075	159	1.22e-12	72.4	83
LGR5|human|NP_003658.1	dlaeveM00000132191	27.807	187	1.92e-09	61.6	83
LGR5|human|NP_003658.1	dlaeveM00000132191	30.337	178	3.25e-09	61.2	83
LGR5|human|NP_003658.1	dlaeveM00000238118	28.246	439	3.05e-29	126	48
LGR5|human|NP_003658.1	dlaeveM00000238118	30.363	303	3.71e-12	70.9	48
LGR5|human|NP_003658.1	dlaeveM00001470068	24.051	553	5.99e-29	122	57
LGR5|human|NP_003658.1	dlaeveM00000134217	26.769	523	1.93e-28	123	82
LGR5|human|NP_003658.1	dlaeveM00000134217	30.374	214	8.61e-13	72.8	82
LGR5|human|NP_003658.1	dlaeveM00000134217	31.683	202	3.77e-10	63.9	82
LGR5|human|NP_003658.1	dlaeveM00000351276	27.470	506	2.60e-28	122	77
LGR5|human|NP_003658.1	dlaeveM00000351276	31.724	145	4.11e-12	70.5	77
LGR5|human|NP_003658.1	dlaeveM00000351276	30.476	210	6.79e-12	69.7	77
LGR5|human|NP_003658.1	dlaeveM00000851947	29.303	488	1.00e-26	117	46
LGR5|human|NP_003658.1	dlaeveM00000909610	30.021	483	1.16e-26	114	51
LGR5|human|NP_003658.1	dlaeveM00000325309	28.383	532	1.90e-26	116	52
LGR5|human|NP_003658.1	dlaeveM00001477148	26.341	410	1.36e-24	111	48
LGR5|human|NP_003658.1	dlaeveM00001477148	26.329	395	9.50e-23	105	48
LGR5|human|NP_003658.1	dlaeveM00001477148	32.432	148	2.27e-10	65.1	48
LGR5|human|NP_003658.1	dlaeveM00001477148	28.025	157	1.20e-06	52.8	48
LGR5|human|NP_003658.1	dlaeveM00000690022	28.035	453	1.56e-24	110	48
LGR5|human|NP_003658.1	dlaeveM00000690022	27.250	400	6.33e-24	108	48
LGR5|human|NP_003658.1	dlaeveM00000690022	28.176	433	5.31e-23	105	48
LGR5|human|NP_003658.1	dlaeveM00000690022	32.215	149	1.21e-11	68.9	48
LGR5|human|NP_003658.1	dlaeveM00000693041	26.209	393	5.83e-23	105	46
LGR5|human|NP_003658.1	dlaeveM00000693041	28.365	416	1.39e-22	103	46
LGR5|human|NP_003658.1	dlaeveM00000693041	27.957	372	5.83e-22	102	46
LGR5|human|NP_003658.1	dlaeveM00000693041	25.505	396	1.89e-20	97.1	46
LGR5|human|NP_003658.1	dlaeveM00000719835	27.571	457	1.73e-22	103	47
LGR5|human|NP_003658.1	dlaeveM00000719835	26.706	337	1.54e-17	87.4	47
LGR5|human|NP_003658.1	dlaeveM00000719835	27.935	247	4.04e-13	73.2	47
LGR5|human|NP_003658.1	dlaeveM00000970937	26.549	452	1.75e-22	102	46
LGR5|human|NP_003658.1	dlaeveM00000349821	26.768	396	1.80e-22	103	44
LGR5|human|NP_003658.1	dlaeveM00000349821	26.914	405	1.24e-17	88.2	44
LGR5|human|NP_003658.1	dlaeveM00000349821	23.765	425	3.17e-10	64.3	44
LGR5|human|NP_003658.1	dlaeveM00001017605	26.923	442	2.12e-21	100	49
LGR5|human|NP_003658.1	dlaeveM00001017605	27.689	437	2.74e-18	90.9	49
LGR5|human|NP_003658.1	dlaeveM00001017605	26.724	348	4.45e-14	77.0	49
LGR5|human|NP_003658.1	dlaeveM00001017605	33.913	115	4.16e-08	57.4	49
LGR5|human|NP_003658.1	dlaeveM00001017605	26.744	172	4.97e-07	53.9	49
LGR5|human|NP_003658.1	dlaeveM00001017605	31.538	130	1.02e-06	53.1	49
LGR5|human|NP_003658.1	dlaeveM00000968803	28.604	437	2.46e-21	98.6	44
LGR5|human|NP_003658.1	dlaeveM00000968705	27.530	494	2.64e-21	98.6	50
LGR5|human|NP_003658.1	dlaeveM00000968695	28.302	424	3.61e-21	98.2	43
LGR5|human|NP_003658.1	dlaeveM00000968827	27.716	451	5.17e-21	98.2	46
LGR5|human|NP_003658.1	dlaeveM00000029360	25.843	356	6.38e-21	99.4	45
LGR5|human|NP_003658.1	dlaeveM00000029360	27.818	417	3.11e-16	84.0	45
LGR5|human|NP_003658.1	dlaeveM00000029360	25.231	325	1.19e-14	79.0	45
LGR5|human|NP_003658.1	dlaeveM00000029360	24.629	337	1.18e-11	68.9	45
LGR5|human|NP_003658.1	dlaeveM00000455829	28.109	402	8.64e-21	97.8	46
LGR5|human|NP_003658.1	dlaeveM00000455829	26.113	337	1.05e-15	81.6	46
LGR5|human|NP_003658.1	dlaeveM00000455829	27.881	269	4.00e-13	73.2	46
LGR5|human|NP_003658.1	dlaeveM00000643374	29.383	405	9.71e-21	97.4	44
LGR5|human|NP_003658.1	dlaeveM00000643374	31.518	257	1.38e-16	84.3	44
LGR5|human|NP_003658.1	dlaeveM00000643374	23.232	396	1.18e-09	62.0	44
LGR5|human|NP_003658.1	dlaeveM00000643374	24.934	381	4.78e-09	60.1	44
LGR5|human|NP_003658.1	dlaeveM00000968921	26.966	445	1.04e-20	96.7	45
LGR5|human|NP_003658.1	dlaeveM00000969052	28.306	431	1.29e-20	96.7	45
LGR5|human|NP_003658.1	dlaeveM00000969052	27.799	259	3.60e-07	53.9	45
LGR5|human|NP_003658.1	dlaeveM00000968622	26.991	452	4.00e-20	94.7	46
LGR5|human|NP_003658.1	dlaeveM00000968622	26.718	262	3.27e-06	50.8	46
LGR5|human|NP_003658.1	dlaeveM00001450949	26.501	483	5.90e-20	95.9	47
LGR5|human|NP_003658.1	dlaeveM00000968719	29.111	450	9.24e-20	93.6	46
LGR5|human|NP_003658.1	dlaeveM00000759469	20.841	547	2.12e-19	94.4	78
LGR5|human|NP_003658.1	dlaeveM00000759469	28.571	196	7.30e-06	50.1	78
LGR5|human|NP_003658.1	dlaeveM00000232982	28.906	384	3.17e-19	93.2	45
LGR5|human|NP_003658.1	dlaeveM00000232982	26.786	504	3.35e-18	89.7	45
LGR5|human|NP_003658.1	dlaeveM00000232982	29.333	375	5.08e-17	86.3	45
LGR5|human|NP_003658.1	dlaeveM00000970992	27.211	441	3.42e-19	92.0	45
LGR5|human|NP_003658.1	dlaeveM00000968876	26.126	444	6.81e-19	91.3	45
LGR5|human|NP_003658.1	dlaeveM00000968791	27.840	449	1.64e-18	89.7	48
LGR5|human|NP_003658.1	dlaeveM00001225627	26.392	485	1.85e-18	90.9	45
LGR5|human|NP_003658.1	dlaeveM00001225627	24.685	397	2.45e-14	77.4	45
LGR5|human|NP_003658.1	dlaeveM00001225627	29.060	234	1.91e-12	71.2	45
LGR5|human|NP_003658.1	dlaeveM00001225627	27.250	400	1.75e-11	68.2	45
LGR5|human|NP_003658.1	dlaeveM00001225627	27.273	275	3.48e-08	57.4	45
LGR5|human|NP_003658.1	dlaeveM00000969105	25.963	493	4.42e-18	88.6	50
LGR5|human|NP_003658.1	dlaeveM00000969014	26.770	452	6.21e-18	88.2	46
LGR5|human|NP_003658.1	dlaeveM00000970971	28.416	461	7.53e-18	87.8	47
LGR5|human|NP_003658.1	dlaeveM00001241828	25.934	482	7.95e-18	89.0	45
LGR5|human|NP_003658.1	dlaeveM00001425406	27.897	466	1.21e-17	88.6	51
LGR5|human|NP_003658.1	dlaeveM00001425406	23.741	417	3.00e-08	57.8	51
LGR5|human|NP_003658.1	dlaeveM00001319135	28.346	381	1.61e-17	88.2	38
LGR5|human|NP_003658.1	dlaeveM00000970983	26.247	461	1.84e-17	86.7	47
LGR5|human|NP_003658.1	dlaeveM00000968645	27.027	444	2.02e-17	86.3	45
LGR5|human|NP_003658.1	dlaeveM00000909487	29.535	430	2.15e-17	86.3	48
LGR5|human|NP_003658.1	dlaeveM00000909487	33.032	221	5.74e-15	78.6	48
LGR5|human|NP_003658.1	dlaeveM00001147889	24.541	436	8.32e-17	85.5	48
LGR5|human|NP_003658.1	dlaeveM00001147889	26.444	329	1.93e-15	80.9	48
LGR5|human|NP_003658.1	dlaeveM00000968779	29.508	305	9.40e-17	84.0	41
LGR5|human|NP_003658.1	dlaeveM00000968779	25.066	379	3.29e-09	60.1	41
LGR5|human|NP_003658.1	dlaeveM00001421763	23.836	537	9.62e-17	85.5	56
LGR5|human|NP_003658.1	dlaeveM00000898725	29.394	330	1.07e-16	84.7	45
LGR5|human|NP_003658.1	dlaeveM00000898725	26.384	307	2.94e-12	70.5	45
LGR5|human|NP_003658.1	dlaeveM00000898725	29.221	154	1.78e-06	52.0	45
LGR5|human|NP_003658.1	dlaeveM00001418550	21.311	305	1.96e-16	84.7	31
LGR5|human|NP_003658.1	dlaeveM00000969075	27.416	445	2.37e-16	83.2	45
LGR5|human|NP_003658.1	dlaeveM00001421674	22.078	539	2.84e-16	84.0	56
LGR5|human|NP_003658.1	dlaeveM00000740136	28.052	385	2.91e-16	84.0	43
LGR5|human|NP_003658.1	dlaeveM00000740136	29.282	181	6.07e-06	50.4	43
LGR5|human|NP_003658.1	dlaeveM00001412256	24.037	545	6.08e-16	83.2	57
LGR5|human|NP_003658.1	dlaeveM00000513493	28.746	327	7.75e-16	82.8	46
LGR5|human|NP_003658.1	dlaeveM00000513493	29.658	263	1.07e-11	69.3	46
LGR5|human|NP_003658.1	dlaeveM00000513493	27.826	345	2.10e-10	65.1	46
LGR5|human|NP_003658.1	dlaeveM00000513493	27.106	273	4.59e-10	63.9	46
LGR5|human|NP_003658.1	dlaeveM00001419966	22.667	300	8.55e-16	82.0	31
LGR5|human|NP_003658.1	dlaeveM00000968559	26.157	432	1.05e-15	80.9	44
LGR5|human|NP_003658.1	dlaeveM00000970860	25.485	361	1.12e-15	80.9	36
LGR5|human|NP_003658.1	dlaeveM00000968743	26.562	448	1.21e-15	80.9	45
LGR5|human|NP_003658.1	dlaeveM00000070250	27.078	421	1.26e-15	82.0	44
LGR5|human|NP_003658.1	dlaeveM00000971120	27.251	411	2.01e-15	80.1	42
LGR5|human|NP_003658.1	dlaeveM00000636100	30.000	250	2.19e-15	80.5	44
LGR5|human|NP_003658.1	dlaeveM00000636100	30.660	212	2.52e-13	73.9	44
LGR5|human|NP_003658.1	dlaeveM00000636100	32.044	181	1.13e-12	71.6	44
LGR5|human|NP_003658.1	dlaeveM00000636100	25.000	412	1.62e-12	71.2	44
LGR5|human|NP_003658.1	dlaeveM00001419982	21.311	305	2.68e-15	80.9	31
LGR5|human|NP_003658.1	dlaeveM00000871877	32.407	216	3.28e-15	78.2	35
LGR5|human|NP_003658.1	dlaeveM00000871877	27.397	219	2.01e-10	63.5	35
LGR5|human|NP_003658.1	dlaeveM00000968991	24.651	430	3.85e-15	79.3	47
LGR5|human|NP_003658.1	dlaeveM00000968991	29.474	285	4.04e-12	69.7	47
LGR5|human|NP_003658.1	dlaeveM00001510187	20.690	493	6.17e-15	79.7	52
LGR5|human|NP_003658.1	dlaeveM00001625922	24.047	341	6.38e-15	79.0	46
LGR5|human|NP_003658.1	dlaeveM00001625922	22.333	403	2.05e-13	74.3	46
LGR5|human|NP_003658.1	dlaeveM00001625922	28.571	147	4.40e-09	60.5	46
LGR5|human|NP_003658.1	dlaeveM00000643392	28.753	393	8.95e-15	79.0	41
LGR5|human|NP_003658.1	dlaeveM00000643392	26.036	338	3.22e-10	64.3	41
LGR5|human|NP_003658.1	dlaeveM00000643317	30.400	250	8.95e-15	79.3	46
LGR5|human|NP_003658.1	dlaeveM00000643317	26.871	294	2.66e-13	74.3	46
LGR5|human|NP_003658.1	dlaeveM00000643317	23.810	357	8.42e-12	69.7	46
LGR5|human|NP_003658.1	dlaeveM00000643317	27.397	146	5.34e-08	57.0	46
LGR5|human|NP_003658.1	dlaeveM00000643317	31.429	105	5.67e-08	57.0	46
LGR5|human|NP_003658.1	dlaeveM00000643317	26.058	449	2.09e-07	55.1	46
LGR5|human|NP_003658.1	dlaeveM00000945767	24.411	467	1.05e-14	79.0	53
LGR5|human|NP_003658.1	dlaeveM00000945767	26.018	442	4.20e-14	77.0	53
LGR5|human|NP_003658.1	dlaeveM00000945767	25.606	289	5.75e-10	63.5	53
LGR5|human|NP_003658.1	dlaeveM00000945767	26.996	263	2.94e-08	57.8	53
LGR5|human|NP_003658.1	dlaeveM00000968755	27.191	445	1.12e-14	77.8	45
LGR5|human|NP_003658.1	dlaeveM00001414694	21.927	301	2.09e-14	78.2	44
LGR5|human|NP_003658.1	dlaeveM00001414694	29.452	146	2.19e-06	52.0	44
LGR5|human|NP_003658.1	dlaeveM00000968888	26.744	430	2.57e-14	76.6	46
LGR5|human|NP_003658.1	dlaeveM00000968888	28.030	264	1.09e-12	71.6	46
LGR5|human|NP_003658.1	dlaeveM00000974778	21.893	507	2.96e-14	77.4	52
LGR5|human|NP_003658.1	dlaeveM00000349760	25.290	431	3.69e-14	77.0	47
LGR5|human|NP_003658.1	dlaeveM00000349760	25.824	364	1.13e-10	65.5	47
LGR5|human|NP_003658.1	dlaeveM00000349760	26.593	361	1.83e-10	65.1	47
LGR5|human|NP_003658.1	dlaeveM00000349760	25.606	371	2.04e-09	61.6	47
LGR5|human|NP_003658.1	dlaeveM00000349760	25.779	353	1.19e-08	58.9	47
LGR5|human|NP_003658.1	dlaeveM00000349760	22.110	493	9.66e-07	52.8	47
LGR5|human|NP_003658.1	dlaeveM00001282449	25.686	401	4.68e-14	76.3	45
LGR5|human|NP_003658.1	dlaeveM00001282449	29.231	260	4.24e-11	66.6	45
LGR5|human|NP_003658.1	dlaeveM00001282449	31.707	123	4.88e-07	53.5	45
LGR5|human|NP_003658.1	dlaeveM00000968815	25.508	443	4.74e-14	75.9	46
LGR5|human|NP_003658.1	dlaeveM00000968815	26.190	336	4.66e-10	63.2	46
LGR5|human|NP_003658.1	dlaeveM00000968571	27.040	429	5.02e-14	75.9	44
LGR5|human|NP_003658.1	dlaeveM00000970905	27.692	455	5.30e-14	75.9	46
LGR5|human|NP_003658.1	dlaeveM00000467207	19.767	344	5.70e-14	76.6	36
LGR5|human|NP_003658.1	dlaeveM00000968467	27.752	436	7.08e-14	75.1	46
LGR5|human|NP_003658.1	dlaeveM00000909458	26.593	361	8.39e-14	75.1	43
LGR5|human|NP_003658.1	dlaeveM00000909458	30.734	218	2.60e-12	70.1	43
LGR5|human|NP_003658.1	dlaeveM00000968423	25.000	404	9.14e-14	74.7	45
LGR5|human|NP_003658.1	dlaeveM00000968423	28.618	304	3.04e-13	73.2	45
LGR5|human|NP_003658.1	dlaeveM00000968423	26.712	292	2.39e-06	51.2	45
LGR5|human|NP_003658.1	dlaeveM00000682199	28.940	349	2.09e-13	73.2	36
LGR5|human|NP_003658.1	dlaeveM00000876826	26.058	449	3.13e-13	74.3	47
LGR5|human|NP_003658.1	dlaeveM00000876826	22.406	424	1.86e-08	58.9	47
LGR5|human|NP_003658.1	dlaeveM00001342754	24.533	428	3.42e-13	73.2	46
LGR5|human|NP_003658.1	dlaeveM00001342754	23.295	176	1.89e-06	51.6	46
LGR5|human|NP_003658.1	dlaeveM00000643340	26.871	294	3.66e-13	73.9	48
LGR5|human|NP_003658.1	dlaeveM00000643340	31.474	251	5.19e-13	73.6	48
LGR5|human|NP_003658.1	dlaeveM00000643340	24.581	358	1.17e-12	72.4	48
LGR5|human|NP_003658.1	dlaeveM00000643340	27.397	146	1.27e-07	55.8	48
LGR5|human|NP_003658.1	dlaeveM00000643340	31.429	105	2.50e-07	55.1	48
LGR5|human|NP_003658.1	dlaeveM00000643340	25.243	515	4.61e-07	53.9	48
LGR5|human|NP_003658.1	dlaeveM00000773907	26.552	290	5.44e-13	73.2	31
LGR5|human|NP_003658.1	dlaeveM00000968966	26.897	435	5.68e-13	72.4	44
LGR5|human|NP_003658.1	dlaeveM00001291240	25.926	378	6.17e-13	73.2	47
LGR5|human|NP_003658.1	dlaeveM00001291240	31.343	268	1.35e-10	65.5	47
LGR5|human|NP_003658.1	dlaeveM00001291240	28.169	355	2.35e-10	64.7	47
LGR5|human|NP_003658.1	dlaeveM00001638675	32.231	121	6.67e-13	68.9	41
LGR5|human|NP_003658.1	dlaeveM00001638675	34.058	138	1.25e-12	68.2	41
LGR5|human|NP_003658.1	dlaeveM00001638675	35.246	122	4.32e-11	63.5	41
LGR5|human|NP_003658.1	dlaeveM00001638675	32.990	97	1.11e-08	56.6	41
LGR5|human|NP_003658.1	dlaeveM00001638675	28.676	136	8.46e-07	50.8	41
LGR5|human|NP_003658.1	dlaeveM00000968868	27.667	300	7.42e-13	71.6	28
LGR5|human|NP_003658.1	dlaeveM00000130879	28.889	360	9.86e-13	72.8	42
LGR5|human|NP_003658.1	dlaeveM00000130879	34.503	171	6.28e-10	63.5	42
LGR5|human|NP_003658.1	dlaeveM00000971132	25.346	434	1.03e-12	71.6	49
LGR5|human|NP_003658.1	dlaeveM00000971132	23.324	343	9.00e-11	65.5	49
LGR5|human|NP_003658.1	dlaeveM00000968445	27.372	274	1.27e-12	71.2	41
LGR5|human|NP_003658.1	dlaeveM00000968445	25.183	409	3.10e-09	60.5	41
LGR5|human|NP_003658.1	dlaeveM00001138574	27.692	325	2.11e-12	70.5	32
LGR5|human|NP_003658.1	dlaeveM00000909470	25.806	465	2.96e-12	70.1	48
LGR5|human|NP_003658.1	dlaeveM00000909470	31.441	229	3.50e-12	69.7	48
LGR5|human|NP_003658.1	dlaeveM00001514565	30.460	174	3.18e-12	70.5	22
LGR5|human|NP_003658.1	dlaeveM00001514565	29.927	137	1.28e-07	55.8	22
LGR5|human|NP_003658.1	dlaeveM00000909527	25.519	482	3.41e-12	70.1	51
LGR5|human|NP_003658.1	dlaeveM00000618987	29.358	218	6.68e-12	69.7	43
LGR5|human|NP_003658.1	dlaeveM00000618987	26.172	256	1.34e-10	65.5	43
LGR5|human|NP_003658.1	dlaeveM00000618987	25.541	231	3.93e-09	60.8	43
LGR5|human|NP_003658.1	dlaeveM00000578974	29.612	206	7.26e-12	69.3	47
LGR5|human|NP_003658.1	dlaeveM00000578974	26.075	372	3.55e-10	63.9	47
LGR5|human|NP_003658.1	dlaeveM00000578974	27.324	355	1.91e-09	61.6	47
LGR5|human|NP_003658.1	dlaeveM00000578974	28.856	201	5.17e-07	53.5	47
LGR5|human|NP_003658.1	dlaeveM00000968400	28.523	298	7.50e-12	68.9	46
LGR5|human|NP_003658.1	dlaeveM00000968400	24.215	446	3.72e-10	63.5	46
LGR5|human|NP_003658.1	dlaeveM00000968400	26.962	293	8.34e-10	62.4	46
LGR5|human|NP_003658.1	dlaeveM00001459418	23.529	425	9.28e-12	69.3	48
LGR5|human|NP_003658.1	dlaeveM00001459418	27.907	172	6.48e-08	56.6	48
LGR5|human|NP_003658.1	dlaeveM00001459418	24.725	182	1.85e-07	55.1	48
LGR5|human|NP_003658.1	dlaeveM00001459418	24.722	360	4.37e-07	53.9	48
LGR5|human|NP_003658.1	dlaeveM00001459418	25.000	184	5.03e-06	50.4	48
LGR5|human|NP_003658.1	dlaeveM00001459418	28.058	139	5.03e-06	50.4	48
LGR5|human|NP_003658.1	dlaeveM00001138548	25.866	433	1.07e-11	68.2	47
LGR5|human|NP_003658.1	dlaeveM00000780174	28.736	174	1.28e-11	68.6	27
LGR5|human|NP_003658.1	dlaeveM00000780174	31.176	170	2.09e-10	64.7	27
LGR5|human|NP_003658.1	dlaeveM00000970853	26.209	393	1.32e-11	67.8	41
LGR5|human|NP_003658.1	dlaeveM00001203929	29.388	245	1.37e-11	66.2	27
LGR5|human|NP_003658.1	dlaeveM00001203929	31.868	182	1.06e-08	57.4	27
LGR5|human|NP_003658.1	dlaeveM00000970766	26.164	451	1.56e-11	67.8	47
LGR5|human|NP_003658.1	dlaeveM00001241844	29.018	224	1.85e-11	68.2	40
LGR5|human|NP_003658.1	dlaeveM00001241844	24.915	293	8.33e-07	53.1	40
LGR5|human|NP_003658.1	dlaeveM00000643398	24.821	419	1.95e-11	68.6	47
LGR5|human|NP_003658.1	dlaeveM00000643398	26.757	370	3.21e-11	67.8	47
LGR5|human|NP_003658.1	dlaeveM00000643398	34.123	211	1.80e-10	65.1	47
LGR5|human|NP_003658.1	dlaeveM00000643398	27.586	145	2.59e-08	58.2	47
LGR5|human|NP_003658.1	dlaeveM00000643398	24.474	380	1.19e-07	55.8	47
LGR5|human|NP_003658.1	dlaeveM00000643398	29.808	104	1.98e-07	55.5	47
LGR5|human|NP_003658.1	dlaeveM00000643398	30.476	105	2.65e-07	55.1	47
LGR5|human|NP_003658.1	dlaeveM00000968366	26.291	426	2.10e-11	67.4	46
LGR5|human|NP_003658.1	dlaeveM00000971108	27.500	280	2.53e-11	67.0	40
LGR5|human|NP_003658.1	dlaeveM00000971108	26.429	420	5.62e-08	56.6	40
LGR5|human|NP_003658.1	dlaeveM00000968354	24.605	443	3.38e-11	66.6	46
LGR5|human|NP_003658.1	dlaeveM00000968354	27.129	317	4.63e-10	63.2	46
LGR5|human|NP_003658.1	dlaeveM00001324215	26.039	457	3.57e-11	66.6	49
LGR5|human|NP_003658.1	dlaeveM00001324215	26.573	286	5.31e-08	56.6	49
LGR5|human|NP_003658.1	dlaeveM00001021802	24.891	229	3.58e-11	67.0	25
LGR5|human|NP_003658.1	dlaeveM00000968731	26.168	428	3.84e-11	66.6	43
LGR5|human|NP_003658.1	dlaeveM00000307614	26.170	470	3.96e-11	67.0	46
LGR5|human|NP_003658.1	dlaeveM00000622616	26.136	352	5.01e-11	67.0	37
LGR5|human|NP_003658.1	dlaeveM00000622616	28.736	261	4.12e-07	54.3	37
LGR5|human|NP_003658.1	dlaeveM00001138560	26.912	353	6.26e-11	65.9	30
LGR5|human|NP_003658.1	dlaeveM00000968500	24.804	383	6.29e-11	65.9	34
LGR5|human|NP_003658.1	dlaeveM00000968378	25.364	481	9.06e-11	65.5	51
LGR5|human|NP_003658.1	dlaeveM00000968378	24.821	419	2.30e-10	64.3	51
LGR5|human|NP_003658.1	dlaeveM00001565913	28.689	244	9.64e-11	64.7	32
LGR5|human|NP_003658.1	dlaeveM00001565913	32.020	203	1.14e-08	58.2	32
LGR5|human|NP_003658.1	dlaeveM00000971061	24.222	450	1.02e-10	65.5	46
LGR5|human|NP_003658.1	dlaeveM00000209779	27.011	348	1.50e-10	65.5	44
LGR5|human|NP_003658.1	dlaeveM00000209779	27.077	325	3.64e-10	64.3	44
LGR5|human|NP_003658.1	dlaeveM00000209779	34.197	193	8.36e-10	63.2	44
LGR5|human|NP_003658.1	dlaeveM00000209779	27.572	243	3.34e-09	60.8	44
LGR5|human|NP_003658.1	dlaeveM00000909426	31.915	235	1.60e-10	64.7	49
LGR5|human|NP_003658.1	dlaeveM00000909426	28.802	434	7.87e-10	62.4	49
LGR5|human|NP_003658.1	dlaeveM00000970754	23.704	405	1.62e-10	64.7	43
LGR5|human|NP_003658.1	dlaeveM00000970754	25.568	352	1.02e-07	55.5	43
LGR5|human|NP_003658.1	dlaeveM00000968845	27.132	258	1.77e-10	64.3	42
LGR5|human|NP_003658.1	dlaeveM00000968845	23.901	364	1.38e-06	52.0	42
LGR5|human|NP_003658.1	dlaeveM00000909438	31.915	235	1.84e-10	64.3	49
LGR5|human|NP_003658.1	dlaeveM00000909438	28.571	434	5.11e-08	56.6	49
LGR5|human|NP_003658.1	dlaeveM00001003946	32.886	149	2.13e-10	65.1	31
LGR5|human|NP_003658.1	dlaeveM00001003946	41.667	108	2.73e-09	61.6	31
LGR5|human|NP_003658.1	dlaeveM00001003946	36.000	100	3.52e-08	57.8	31
LGR5|human|NP_003658.1	dlaeveM00001003946	37.234	94	4.31e-07	54.3	31
LGR5|human|NP_003658.1	dlaeveM00000970743	25.767	489	2.15e-10	64.3	49
LGR5|human|NP_003658.1	dlaeveM00000968536	26.792	265	2.47e-10	63.9	25
LGR5|human|NP_003658.1	dlaeveM00000909590	27.952	415	2.68e-10	63.9	44
LGR5|human|NP_003658.1	dlaeveM00000972392	29.412	289	3.37e-10	62.8	31
LGR5|human|NP_003658.1	dlaeveM00000909571	32.273	220	4.03e-10	63.2	43
LGR5|human|NP_003658.1	dlaeveM00000909571	25.581	387	6.17e-10	62.8	43
LGR5|human|NP_003658.1	dlaeveM00000909571	27.723	303	5.40e-06	50.1	43
LGR5|human|NP_003658.1	dlaeveM00000034704	22.897	214	6.02e-10	62.8	24
LGR5|human|NP_003658.1	dlaeveM00001284712	33.511	188	7.14e-10	60.8	20
LGR5|human|NP_003658.1	dlaeveM00000283930	26.009	446	8.75e-10	63.2	45
LGR5|human|NP_003658.1	dlaeveM00000283930	24.937	397	3.91e-08	57.8	45
LGR5|human|NP_003658.1	dlaeveM00000909480	32.683	205	9.35e-10	60.8	21
LGR5|human|NP_003658.1	dlaeveM00000968955	27.424	361	9.49e-10	62.0	48
LGR5|human|NP_003658.1	dlaeveM00000968955	25.000	432	2.13e-08	57.8	48
LGR5|human|NP_003658.1	dlaeveM00000968955	25.092	271	8.41e-07	52.8	48
LGR5|human|NP_003658.1	dlaeveM00001350907	28.319	339	1.16e-09	62.0	47
LGR5|human|NP_003658.1	dlaeveM00001350907	29.368	269	2.63e-09	60.8	47
LGR5|human|NP_003658.1	dlaeveM00001350907	27.059	425	9.62e-09	59.3	47
LGR5|human|NP_003658.1	dlaeveM00001350907	30.332	211	4.21e-08	57.0	47
LGR5|human|NP_003658.1	dlaeveM00001350907	24.242	297	2.02e-07	55.1	47
LGR5|human|NP_003658.1	dlaeveM00000618143	27.679	336	1.19e-09	62.4	46
LGR5|human|NP_003658.1	dlaeveM00000618143	31.076	251	1.32e-09	62.0	46
LGR5|human|NP_003658.1	dlaeveM00000618143	28.185	259	1.45e-06	52.4	46
LGR5|human|NP_003658.1	dlaeveM00000618143	32.692	156	1.76e-06	52.0	46
LGR5|human|NP_003658.1	dlaeveM00000968488	24.208	442	1.20e-09	61.6	47
LGR5|human|NP_003658.1	dlaeveM00000968488	25.000	324	3.55e-09	60.5	47
LGR5|human|NP_003658.1	dlaeveM00000968488	26.829	287	1.55e-08	58.2	47
LGR5|human|NP_003658.1	dlaeveM00000972376	26.962	293	1.65e-09	61.2	39
LGR5|human|NP_003658.1	dlaeveM00000972376	28.374	289	2.22e-09	60.8	39
LGR5|human|NP_003658.1	dlaeveM00000970630	28.736	174	1.75e-09	61.2	31
LGR5|human|NP_003658.1	dlaeveM00000970630	27.778	288	7.83e-07	52.8	31
LGR5|human|NP_003658.1	dlaeveM00000909503	28.000	325	1.96e-09	60.5	49
LGR5|human|NP_003658.1	dlaeveM00000909503	37.086	151	4.40e-07	53.1	49
LGR5|human|NP_003658.1	dlaeveM00001415058	23.885	381	2.24e-09	60.8	41
LGR5|human|NP_003658.1	dlaeveM00001415058	24.309	362	9.30e-08	55.8	41
LGR5|human|NP_003658.1	dlaeveM00000968767	28.249	354	2.83e-09	60.5	41
LGR5|human|NP_003658.1	dlaeveM00000968767	25.333	300	5.82e-09	59.7	41
LGR5|human|NP_003658.1	dlaeveM00000970676	29.282	181	2.91e-09	60.5	42
LGR5|human|NP_003658.1	dlaeveM00000970676	23.876	356	3.27e-07	53.9	42
LGR5|human|NP_003658.1	dlaeveM00000909515	32.353	204	3.76e-09	60.1	42
LGR5|human|NP_003658.1	dlaeveM00000909515	27.049	366	4.79e-06	50.1	42
LGR5|human|NP_003658.1	dlaeveM00000970721	25.055	451	7.11e-09	59.3	46
LGR5|human|NP_003658.1	dlaeveM00001068977	30.164	305	9.02e-09	58.9	48
LGR5|human|NP_003658.1	dlaeveM00001068977	24.490	245	1.10e-08	58.9	48
LGR5|human|NP_003658.1	dlaeveM00000314197	31.875	160	1.18e-08	57.4	36
LGR5|human|NP_003658.1	dlaeveM00000314197	32.117	137	1.07e-06	51.2	36
LGR5|human|NP_003658.1	dlaeveM00000314197	31.579	171	3.18e-06	50.1	36
LGR5|human|NP_003658.1	dlaeveM00000314197	26.172	256	9.89e-06	48.5	36
LGR5|human|NP_003658.1	dlaeveM00000970642	26.702	191	1.74e-08	58.2	21
LGR5|human|NP_003658.1	dlaeveM00000970828	23.385	449	1.85e-08	58.2	46
LGR5|human|NP_003658.1	dlaeveM00000971037	24.762	315	1.93e-08	57.8	34
LGR5|human|NP_003658.1	dlaeveM00000968389	26.975	367	2.03e-08	57.4	40
LGR5|human|NP_003658.1	dlaeveM00001361367	26.415	212	3.39e-08	57.8	28
LGR5|human|NP_003658.1	dlaeveM00001361367	25.743	202	1.15e-07	55.8	28
LGR5|human|NP_003658.1	dlaeveM00000009450	27.485	171	3.63e-08	57.8	29
LGR5|human|NP_003658.1	dlaeveM00000009450	33.333	105	9.85e-07	53.1	29
LGR5|human|NP_003658.1	dlaeveM00000009450	43.243	74	4.80e-06	50.8	29
LGR5|human|NP_003658.1	dlaeveM00001636018	30.928	97	4.96e-08	53.9	30
LGR5|human|NP_003658.1	dlaeveM00001636018	33.684	95	2.04e-06	49.3	30
LGR5|human|NP_003658.1	dlaeveM00001636018	27.344	128	2.92e-06	48.9	30
LGR5|human|NP_003658.1	dlaeveM00000968433	22.788	373	5.28e-08	56.6	33
LGR5|human|NP_003658.1	dlaeveM00001206430	23.832	214	1.35e-07	55.5	23
LGR5|human|NP_003658.1	dlaeveM00001609832	27.083	240	1.40e-07	55.5	25
LGR5|human|NP_003658.1	dlaeveM00000968512	28.287	251	2.11e-07	54.7	45
LGR5|human|NP_003658.1	dlaeveM00000968512	22.588	425	2.47e-07	54.3	45
LGR5|human|NP_003658.1	dlaeveM00001117641	26.667	270	2.20e-07	54.3	29
LGR5|human|NP_003658.1	dlaeveM00001600681	31.395	172	2.49e-07	54.7	19
LGR5|human|NP_003658.1	dlaeveM00000664694	28.169	284	3.48e-07	53.9	27
LGR5|human|NP_003658.1	dlaeveM00001492817	30.769	130	5.44e-07	53.9	14
LGR5|human|NP_003658.1	dlaeveM00001428551	25.902	471	5.61e-07	53.9	44
LGR5|human|NP_003658.1	dlaeveM00001554826	31.183	186	1.17e-06	52.4	34
LGR5|human|NP_003658.1	dlaeveM00001554826	31.746	126	6.40e-06	50.1	34
LGR5|human|NP_003658.1	dlaeveM00001058713	29.508	122	1.62e-06	50.4	13
LGR5|human|NP_003658.1	dlaeveM00001633859	34.653	101	1.88e-06	47.4	11
LGR5|human|NP_003658.1	dlaeveM00001155783	28.627	255	2.56e-06	50.8	28
LGR5|human|NP_003658.1	dlaeveM00000693794	24.750	400	2.80e-06	51.6	49
LGR5|human|NP_003658.1	dlaeveM00000693794	33.077	130	4.66e-06	50.8	49
LGR5|human|NP_003658.1	dlaeveM00000075105	27.762	353	6.26e-06	50.4	38
LGR5|human|NP_003658.1	dlaeveM00000538484	30.986	142	6.79e-06	50.4	16
LGR5|mollusc|Magallana_gigas|NP_001292277.1	dlaeveM00000727719	50.166	903	0.0	856	81
LGR5|mollusc|Magallana_gigas|NP_001292277.1	dlaeveM00000441839	48.394	903	0.0	827	81
LGR5|mollusc|Magallana_gigas|NP_001292277.1	dlaeveM00000308285	46.757	370	1.72e-95	328	56
LGR5|mollusc|Magallana_gigas|NP_001292277.1	dlaeveM00000308285	27.099	262	1.17e-10	66.2	56
LGR5|mollusc|Magallana_gigas|NP_001292277.1	dlaeveM00000351276	29.714	525	5.53e-41	163	78
LGR5|mollusc|Magallana_gigas|NP_001292277.1	dlaeveM00000351276	27.805	205	2.35e-16	84.3	78
LGR5|mollusc|Magallana_gigas|NP_001292277.1	dlaeveM00000351276	31.169	154	1.86e-12	72.0	78
LGR5|mollusc|Magallana_gigas|NP_001292277.1	dlaeveM00000351276	32.278	158	1.05e-11	69.3	78
LGR5|mollusc|Magallana_gigas|NP_001292277.1	dlaeveM00000351276	30.612	147	3.70e-09	61.2	78
LGR5|mollusc|Magallana_gigas|NP_001292277.1	dlaeveM00000351276	30.519	154	4.40e-08	57.8	78
LGR5|mollusc|Magallana_gigas|NP_001292277.1	dlaeveM00000351276	25.926	162	5.92e-07	53.9	78
LGR5|mollusc|Magallana_gigas|NP_001292277.1	dlaeveM00001470068	29.865	519	3.81e-40	156	48
LGR5|mollusc|Magallana_gigas|NP_001292277.1	dlaeveM00001470068	31.405	121	1.87e-06	52.0	48
LGR5|mollusc|Magallana_gigas|NP_001292277.1	dlaeveM00000132191	28.269	520	1.85e-38	156	74
LGR5|mollusc|Magallana_gigas|NP_001292277.1	dlaeveM00000132191	33.962	159	1.03e-16	85.9	74
LGR5|mollusc|Magallana_gigas|NP_001292277.1	dlaeveM00000132191	29.358	218	4.29e-12	70.9	74
LGR5|mollusc|Magallana_gigas|NP_001292277.1	dlaeveM00000132191	27.128	188	2.43e-08	58.5	74
LGR5|mollusc|Magallana_gigas|NP_001292277.1	dlaeveM00000132191	28.244	131	1.49e-07	55.8	74
LGR5|mollusc|Magallana_gigas|NP_001292277.1	dlaeveM00000132191	27.857	140	6.48e-06	50.4	74
LGR5|mollusc|Magallana_gigas|NP_001292277.1	dlaeveM00000134217	28.032	503	5.93e-37	151	76
LGR5|mollusc|Magallana_gigas|NP_001292277.1	dlaeveM00000134217	33.113	151	5.66e-16	83.6	76
LGR5|mollusc|Magallana_gigas|NP_001292277.1	dlaeveM00000134217	30.286	175	1.25e-11	69.3	76
LGR5|mollusc|Magallana_gigas|NP_001292277.1	dlaeveM00000134217	31.293	147	2.57e-08	58.5	76
LGR5|mollusc|Magallana_gigas|NP_001292277.1	dlaeveM00000134217	29.452	146	2.42e-06	52.0	76
LGR5|mollusc|Magallana_gigas|NP_001292277.1	dlaeveM00000134217	27.461	193	2.72e-06	52.0	76
LGR5|mollusc|Magallana_gigas|NP_001292277.1	dlaeveM00000612275	27.632	456	5.95e-34	142	41
LGR5|mollusc|Magallana_gigas|NP_001292277.1	dlaeveM00000612275	31.621	253	3.65e-22	103	41
LGR5|mollusc|Magallana_gigas|NP_001292277.1	dlaeveM00000612275	28.571	182	2.49e-09	62.0	41
LGR5|mollusc|Magallana_gigas|NP_001292277.1	dlaeveM00000612275	31.013	158	6.05e-08	57.4	41
LGR5|mollusc|Magallana_gigas|NP_001292277.1	dlaeveM00001121277	30.496	423	5.64e-32	133	41
LGR5|mollusc|Magallana_gigas|NP_001292277.1	dlaeveM00001121277	28.497	386	2.25e-26	115	41
LGR5|mollusc|Magallana_gigas|NP_001292277.1	dlaeveM00001121277	27.907	172	3.92e-09	60.8	41
LGR5|mollusc|Magallana_gigas|NP_001292277.1	dlaeveM00000238118	28.908	467	7.85e-29	125	42
LGR5|mollusc|Magallana_gigas|NP_001292277.1	dlaeveM00000238118	28.514	249	1.97e-14	78.6	42
LGR5|mollusc|Magallana_gigas|NP_001292277.1	dlaeveM00000238118	26.471	272	1.03e-08	59.7	42
LGR5|mollusc|Magallana_gigas|NP_001292277.1	dlaeveM00000238118	31.013	158	1.84e-08	58.9	42
LGR5|mollusc|Magallana_gigas|NP_001292277.1	dlaeveM00001450949	31.148	427	1.55e-28	124	38
LGR5|mollusc|Magallana_gigas|NP_001292277.1	dlaeveM00001450949	27.833	406	2.13e-15	81.6	38
LGR5|mollusc|Magallana_gigas|NP_001292277.1	dlaeveM00001510187	29.861	288	2.49e-27	120	25
LGR5|mollusc|Magallana_gigas|NP_001292277.1	dlaeveM00000974778	25.100	498	1.36e-26	117	43
LGR5|mollusc|Magallana_gigas|NP_001292277.1	dlaeveM00000690022	26.464	427	3.50e-26	116	41
LGR5|mollusc|Magallana_gigas|NP_001292277.1	dlaeveM00000690022	25.293	427	4.16e-22	103	41
LGR5|mollusc|Magallana_gigas|NP_001292277.1	dlaeveM00000690022	31.818	154	4.23e-13	74.3	41
LGR5|mollusc|Magallana_gigas|NP_001292277.1	dlaeveM00000690022	25.594	379	5.43e-11	67.4	41
LGR5|mollusc|Magallana_gigas|NP_001292277.1	dlaeveM00000690022	24.309	362	8.09e-08	57.0	41
LGR5|mollusc|Magallana_gigas|NP_001292277.1	dlaeveM00000467207	26.948	308	1.34e-25	114	27
LGR5|mollusc|Magallana_gigas|NP_001292277.1	dlaeveM00001477148	24.726	457	1.36e-25	115	40
LGR5|mollusc|Magallana_gigas|NP_001292277.1	dlaeveM00001477148	27.346	373	1.14e-18	92.4	40
LGR5|mollusc|Magallana_gigas|NP_001292277.1	dlaeveM00001477148	25.871	402	7.91e-18	89.7	40
LGR5|mollusc|Magallana_gigas|NP_001292277.1	dlaeveM00001477148	22.993	461	4.95e-13	73.9	40
LGR5|mollusc|Magallana_gigas|NP_001292277.1	dlaeveM00001477148	31.126	151	3.44e-11	67.8	40
LGR5|mollusc|Magallana_gigas|NP_001292277.1	dlaeveM00000759469	24.719	534	2.31e-25	114	59
LGR5|mollusc|Magallana_gigas|NP_001292277.1	dlaeveM00000759469	28.302	159	3.03e-07	55.1	59
LGR5|mollusc|Magallana_gigas|NP_001292277.1	dlaeveM00000693041	26.503	449	2.83e-25	113	41
LGR5|mollusc|Magallana_gigas|NP_001292277.1	dlaeveM00000693041	25.175	429	3.06e-22	103	41
LGR5|mollusc|Magallana_gigas|NP_001292277.1	dlaeveM00000693041	27.397	292	1.49e-16	85.1	41
LGR5|mollusc|Magallana_gigas|NP_001292277.1	dlaeveM00000693041	25.478	314	7.21e-16	82.8	41
LGR5|mollusc|Magallana_gigas|NP_001292277.1	dlaeveM00000693041	24.650	357	5.50e-11	67.0	41
LGR5|mollusc|Magallana_gigas|NP_001292277.1	dlaeveM00001017605	30.789	380	2.96e-25	114	42
LGR5|mollusc|Magallana_gigas|NP_001292277.1	dlaeveM00001017605	27.778	450	3.09e-19	94.4	42
LGR5|mollusc|Magallana_gigas|NP_001292277.1	dlaeveM00001017605	27.062	388	1.86e-18	91.7	42
LGR5|mollusc|Magallana_gigas|NP_001292277.1	dlaeveM00001017605	24.228	421	4.33e-15	80.9	42
LGR5|mollusc|Magallana_gigas|NP_001292277.1	dlaeveM00001017605	34.307	137	1.08e-11	69.7	42
LGR5|mollusc|Magallana_gigas|NP_001292277.1	dlaeveM00001017605	30.539	167	1.60e-06	52.8	42
LGR5|mollusc|Magallana_gigas|NP_001292277.1	dlaeveM00001419966	26.453	499	8.15e-25	111	43
LGR5|mollusc|Magallana_gigas|NP_001292277.1	dlaeveM00001419982	26.253	499	1.31e-23	108	43
LGR5|mollusc|Magallana_gigas|NP_001292277.1	dlaeveM00001418550	26.052	499	1.73e-23	108	43
LGR5|mollusc|Magallana_gigas|NP_001292277.1	dlaeveM00001421674	27.815	302	1.85e-23	107	26
LGR5|mollusc|Magallana_gigas|NP_001292277.1	dlaeveM00001421763	25.641	507	9.70e-23	105	42
LGR5|mollusc|Magallana_gigas|NP_001292277.1	dlaeveM00001147889	28.710	310	1.22e-22	104	42
LGR5|mollusc|Magallana_gigas|NP_001292277.1	dlaeveM00001147889	27.952	415	7.12e-22	102	42
LGR5|mollusc|Magallana_gigas|NP_001292277.1	dlaeveM00000029360	28.571	385	1.67e-22	104	40
LGR5|mollusc|Magallana_gigas|NP_001292277.1	dlaeveM00000029360	26.526	426	6.07e-17	86.7	40
LGR5|mollusc|Magallana_gigas|NP_001292277.1	dlaeveM00000029360	38.793	116	2.69e-13	74.7	40
LGR5|mollusc|Magallana_gigas|NP_001292277.1	dlaeveM00000029360	25.053	471	4.79e-13	73.9	40
LGR5|mollusc|Magallana_gigas|NP_001292277.1	dlaeveM00000029360	26.316	304	4.67e-11	67.4	40
LGR5|mollusc|Magallana_gigas|NP_001292277.1	dlaeveM00000029360	24.847	326	5.09e-10	64.3	40
LGR5|mollusc|Magallana_gigas|NP_001292277.1	dlaeveM00000851947	27.696	473	3.27e-21	100	41
LGR5|mollusc|Magallana_gigas|NP_001292277.1	dlaeveM00000851947	28.954	373	1.29e-16	85.1	41
LGR5|mollusc|Magallana_gigas|NP_001292277.1	dlaeveM00000851947	27.129	317	2.68e-14	77.8	41
LGR5|mollusc|Magallana_gigas|NP_001292277.1	dlaeveM00000851947	26.510	298	7.85e-11	66.6	41
LGR5|mollusc|Magallana_gigas|NP_001292277.1	dlaeveM00000643317	28.244	393	1.05e-20	99.0	43
LGR5|mollusc|Magallana_gigas|NP_001292277.1	dlaeveM00000643317	25.000	364	3.21e-11	68.2	43
LGR5|mollusc|Magallana_gigas|NP_001292277.1	dlaeveM00000643317	25.463	432	9.16e-09	60.1	43
LGR5|mollusc|Magallana_gigas|NP_001292277.1	dlaeveM00000643317	27.465	284	4.53e-08	57.8	43
LGR5|mollusc|Magallana_gigas|NP_001292277.1	dlaeveM00000643317	26.263	297	2.77e-07	55.1	43
LGR5|mollusc|Magallana_gigas|NP_001292277.1	dlaeveM00000643317	26.606	109	5.44e-06	50.8	43
LGR5|mollusc|Magallana_gigas|NP_001292277.1	dlaeveM00001625922	25.813	461	1.47e-20	97.4	43
LGR5|mollusc|Magallana_gigas|NP_001292277.1	dlaeveM00001625922	27.654	358	1.22e-17	88.2	43
LGR5|mollusc|Magallana_gigas|NP_001292277.1	dlaeveM00001425406	26.230	549	1.47e-20	98.2	41
LGR5|mollusc|Magallana_gigas|NP_001292277.1	dlaeveM00001412256	26.409	337	4.02e-20	97.1	29
LGR5|mollusc|Magallana_gigas|NP_001292277.1	dlaeveM00000643340	27.481	393	9.34e-20	95.9	45
LGR5|mollusc|Magallana_gigas|NP_001292277.1	dlaeveM00000643340	24.460	417	7.35e-11	67.0	45
LGR5|mollusc|Magallana_gigas|NP_001292277.1	dlaeveM00000643340	26.263	297	3.00e-08	58.2	45
LGR5|mollusc|Magallana_gigas|NP_001292277.1	dlaeveM00001414694	27.181	298	3.21e-19	94.0	26
LGR5|mollusc|Magallana_gigas|NP_001292277.1	dlaeveM00000898725	29.630	297	6.02e-19	92.4	40
LGR5|mollusc|Magallana_gigas|NP_001292277.1	dlaeveM00000898725	25.290	431	1.03e-13	75.5	40
LGR5|mollusc|Magallana_gigas|NP_001292277.1	dlaeveM00000898725	26.616	263	2.40e-12	71.2	40
LGR5|mollusc|Magallana_gigas|NP_001292277.1	dlaeveM00001416987	28.529	340	3.50e-18	89.0	28
LGR5|mollusc|Magallana_gigas|NP_001292277.1	dlaeveM00000968500	27.356	435	5.42e-18	88.6	39
LGR5|mollusc|Magallana_gigas|NP_001292277.1	dlaeveM00000968791	28.508	449	7.74e-18	88.2	40
LGR5|mollusc|Magallana_gigas|NP_001292277.1	dlaeveM00000968791	25.735	272	1.67e-08	58.5	40
LGR5|mollusc|Magallana_gigas|NP_001292277.1	dlaeveM00000968876	27.891	441	1.18e-17	87.4	40
LGR5|mollusc|Magallana_gigas|NP_001292277.1	dlaeveM00001225627	28.118	441	1.63e-17	88.2	40
LGR5|mollusc|Magallana_gigas|NP_001292277.1	dlaeveM00001225627	24.839	467	1.81e-06	52.4	40
LGR5|mollusc|Magallana_gigas|NP_001292277.1	dlaeveM00001225627	23.743	358	5.38e-06	50.8	40
LGR5|mollusc|Magallana_gigas|NP_001292277.1	dlaeveM00000455829	25.852	352	5.93e-17	85.9	41
LGR5|mollusc|Magallana_gigas|NP_001292277.1	dlaeveM00000455829	28.621	290	5.26e-14	76.6	41
LGR5|mollusc|Magallana_gigas|NP_001292277.1	dlaeveM00000455829	25.150	334	1.19e-10	65.5	41
LGR5|mollusc|Magallana_gigas|NP_001292277.1	dlaeveM00000349760	27.096	513	1.50e-16	85.1	40
LGR5|mollusc|Magallana_gigas|NP_001292277.1	dlaeveM00000349760	27.011	348	1.13e-09	62.8	40
LGR5|mollusc|Magallana_gigas|NP_001292277.1	dlaeveM00000349760	38.168	131	9.61e-09	59.7	40
LGR5|mollusc|Magallana_gigas|NP_001292277.1	dlaeveM00000970937	26.496	468	1.84e-16	84.0	41
LGR5|mollusc|Magallana_gigas|NP_001292277.1	dlaeveM00000945767	28.009	432	2.25e-16	84.7	39
LGR5|mollusc|Magallana_gigas|NP_001292277.1	dlaeveM00000945767	25.654	382	3.24e-13	74.3	39
LGR5|mollusc|Magallana_gigas|NP_001292277.1	dlaeveM00000719835	25.568	352	6.87e-16	82.4	43
LGR5|mollusc|Magallana_gigas|NP_001292277.1	dlaeveM00000719835	28.669	293	2.98e-14	77.4	43
LGR5|mollusc|Magallana_gigas|NP_001292277.1	dlaeveM00000719835	23.881	335	1.45e-10	65.5	43
LGR5|mollusc|Magallana_gigas|NP_001292277.1	dlaeveM00000719835	23.002	413	3.45e-10	64.3	43
LGR5|mollusc|Magallana_gigas|NP_001292277.1	dlaeveM00000325309	26.427	473	1.32e-15	82.0	41
LGR5|mollusc|Magallana_gigas|NP_001292277.1	dlaeveM00000325309	25.333	300	1.25e-09	62.8	41
LGR5|mollusc|Magallana_gigas|NP_001292277.1	dlaeveM00000325309	23.488	281	5.65e-07	53.9	41
LGR5|mollusc|Magallana_gigas|NP_001292277.1	dlaeveM00000959596	29.553	291	1.45e-15	80.5	24
LGR5|mollusc|Magallana_gigas|NP_001292277.1	dlaeveM00000968803	28.440	436	1.91e-15	80.5	37
LGR5|mollusc|Magallana_gigas|NP_001292277.1	dlaeveM00000968803	28.509	228	5.12e-08	57.0	37
LGR5|mollusc|Magallana_gigas|NP_001292277.1	dlaeveM00000349821	25.587	426	2.44e-15	81.3	42
LGR5|mollusc|Magallana_gigas|NP_001292277.1	dlaeveM00000349821	26.190	336	4.88e-09	60.5	42
LGR5|mollusc|Magallana_gigas|NP_001292277.1	dlaeveM00000349821	25.432	405	1.57e-08	58.9	42
LGR5|mollusc|Magallana_gigas|NP_001292277.1	dlaeveM00000349821	26.893	383	8.30e-07	53.5	42
LGR5|mollusc|Magallana_gigas|NP_001292277.1	dlaeveM00000349821	25.902	305	6.86e-06	50.4	42
LGR5|mollusc|Magallana_gigas|NP_001292277.1	dlaeveM00000740136	26.870	361	3.23e-15	80.9	40
LGR5|mollusc|Magallana_gigas|NP_001292277.1	dlaeveM00000740136	25.387	323	6.05e-10	63.9	40
LGR5|mollusc|Magallana_gigas|NP_001292277.1	dlaeveM00000968955	26.097	433	3.28e-15	80.1	37
LGR5|mollusc|Magallana_gigas|NP_001292277.1	dlaeveM00000968955	26.210	248	3.30e-06	51.2	37
LGR5|mollusc|Magallana_gigas|NP_001292277.1	dlaeveM00000968423	26.047	430	4.44e-15	79.3	38
LGR5|mollusc|Magallana_gigas|NP_001292277.1	dlaeveM00000970828	27.610	431	4.80e-15	79.3	37
LGR5|mollusc|Magallana_gigas|NP_001292277.1	dlaeveM00000970828	25.000	328	1.31e-08	58.9	37
LGR5|mollusc|Magallana_gigas|NP_001292277.1	dlaeveM00000968921	29.505	444	7.78e-15	78.6	39
LGR5|mollusc|Magallana_gigas|NP_001292277.1	dlaeveM00000232982	27.400	427	1.74e-14	78.2	37
LGR5|mollusc|Magallana_gigas|NP_001292277.1	dlaeveM00000232982	24.886	438	2.05e-08	58.5	37
LGR5|mollusc|Magallana_gigas|NP_001292277.1	dlaeveM00000969105	28.205	429	2.57e-14	77.0	38
LGR5|mollusc|Magallana_gigas|NP_001292277.1	dlaeveM00000968400	26.562	448	3.24e-14	76.6	40
LGR5|mollusc|Magallana_gigas|NP_001292277.1	dlaeveM00000968779	27.513	378	3.52e-14	76.3	33
LGR5|mollusc|Magallana_gigas|NP_001292277.1	dlaeveM00001319135	29.275	345	4.06e-14	77.4	43
LGR5|mollusc|Magallana_gigas|NP_001292277.1	dlaeveM00001319135	26.332	319	1.56e-07	55.8	43
LGR5|mollusc|Magallana_gigas|NP_001292277.1	dlaeveM00001319135	26.100	341	3.82e-06	51.2	43
LGR5|mollusc|Magallana_gigas|NP_001292277.1	dlaeveM00000643374	25.952	420	4.86e-14	76.6	39
LGR5|mollusc|Magallana_gigas|NP_001292277.1	dlaeveM00000643374	26.299	308	1.46e-07	55.8	39
LGR5|mollusc|Magallana_gigas|NP_001292277.1	dlaeveM00000643374	25.899	278	1.06e-06	52.8	39
LGR5|mollusc|Magallana_gigas|NP_001292277.1	dlaeveM00000643374	26.749	243	3.97e-06	51.2	39
LGR5|mollusc|Magallana_gigas|NP_001292277.1	dlaeveM00000636100	27.948	229	6.59e-14	75.9	37
LGR5|mollusc|Magallana_gigas|NP_001292277.1	dlaeveM00000636100	25.852	352	1.23e-12	72.0	37
LGR5|mollusc|Magallana_gigas|NP_001292277.1	dlaeveM00000636100	26.490	302	8.73e-08	56.2	37
LGR5|mollusc|Magallana_gigas|NP_001292277.1	dlaeveM00001638675	32.386	176	6.64e-14	72.0	40
LGR5|mollusc|Magallana_gigas|NP_001292277.1	dlaeveM00001638675	32.609	138	2.71e-10	61.6	40
LGR5|mollusc|Magallana_gigas|NP_001292277.1	dlaeveM00001638675	35.714	126	5.34e-10	60.5	40
LGR5|mollusc|Magallana_gigas|NP_001292277.1	dlaeveM00001638675	36.000	100	1.87e-09	58.9	40
LGR5|mollusc|Magallana_gigas|NP_001292277.1	dlaeveM00001638675	31.148	122	1.90e-09	58.9	40
LGR5|mollusc|Magallana_gigas|NP_001292277.1	dlaeveM00001638675	33.333	114	1.15e-08	56.6	40
LGR5|mollusc|Magallana_gigas|NP_001292277.1	dlaeveM00001638675	32.000	125	1.44e-08	56.2	40
LGR5|mollusc|Magallana_gigas|NP_001292277.1	dlaeveM00000970676	24.295	461	6.88e-14	75.5	41
LGR5|mollusc|Magallana_gigas|NP_001292277.1	dlaeveM00000968467	26.105	475	7.00e-14	75.5	42
LGR5|mollusc|Magallana_gigas|NP_001292277.1	dlaeveM00000968966	26.136	440	7.28e-14	75.5	39
LGR5|mollusc|Magallana_gigas|NP_001292277.1	dlaeveM00000970853	29.960	247	7.65e-14	75.1	35
LGR5|mollusc|Magallana_gigas|NP_001292277.1	dlaeveM00000970853	27.273	330	1.42e-12	71.2	35
LGR5|mollusc|Magallana_gigas|NP_001292277.1	dlaeveM00000970853	26.692	266	1.26e-07	55.5	35
LGR5|mollusc|Magallana_gigas|NP_001292277.1	dlaeveM00000970642	25.951	447	1.00e-13	75.1	40
LGR5|mollusc|Magallana_gigas|NP_001292277.1	dlaeveM00000968645	28.095	420	1.11e-13	75.1	37
LGR5|mollusc|Magallana_gigas|NP_001292277.1	dlaeveM00000968645	27.935	247	6.02e-08	56.6	37
LGR5|mollusc|Magallana_gigas|NP_001292277.1	dlaeveM00000968719	25.820	488	1.20e-13	74.7	42
LGR5|mollusc|Magallana_gigas|NP_001292277.1	dlaeveM00000968445	25.581	473	1.33e-13	74.7	42
LGR5|mollusc|Magallana_gigas|NP_001292277.1	dlaeveM00000968378	28.571	434	1.37e-13	74.7	38
LGR5|mollusc|Magallana_gigas|NP_001292277.1	dlaeveM00000969075	27.378	431	1.69e-13	74.3	38
LGR5|mollusc|Magallana_gigas|NP_001292277.1	dlaeveM00001282449	24.766	428	1.82e-13	74.7	39
LGR5|mollusc|Magallana_gigas|NP_001292277.1	dlaeveM00001282449	25.581	430	1.00e-10	65.9	39
LGR5|mollusc|Magallana_gigas|NP_001292277.1	dlaeveM00001282449	31.126	151	4.34e-06	50.8	39
LGR5|mollusc|Magallana_gigas|NP_001292277.1	dlaeveM00001343822	25.000	320	2.79e-13	73.6	26
LGR5|mollusc|Magallana_gigas|NP_001292277.1	dlaeveM00000968755	27.556	450	2.86e-13	73.6	40
LGR5|mollusc|Magallana_gigas|NP_001292277.1	dlaeveM00000968755	26.190	252	1.17e-07	55.8	40
LGR5|mollusc|Magallana_gigas|NP_001292277.1	dlaeveM00000970766	26.050	476	3.10e-13	73.6	42
LGR5|mollusc|Magallana_gigas|NP_001292277.1	dlaeveM00000968705	26.068	468	3.19e-13	73.6	41
LGR5|mollusc|Magallana_gigas|NP_001292277.1	dlaeveM00000968705	28.571	252	1.77e-07	55.1	41
LGR5|mollusc|Magallana_gigas|NP_001292277.1	dlaeveM00000970630	25.170	441	3.63e-13	73.6	39
LGR5|mollusc|Magallana_gigas|NP_001292277.1	dlaeveM00000970630	27.817	284	3.76e-07	54.3	39
LGR5|mollusc|Magallana_gigas|NP_001292277.1	dlaeveM00001565913	30.769	247	3.85e-13	72.4	22
LGR5|mollusc|Magallana_gigas|NP_001292277.1	dlaeveM00000970860	27.108	332	5.31e-13	72.8	37
LGR5|mollusc|Magallana_gigas|NP_001292277.1	dlaeveM00000970860	28.996	269	1.15e-10	65.5	37
LGR5|mollusc|Magallana_gigas|NP_001292277.1	dlaeveM00000970721	24.130	460	7.36e-13	72.4	40
LGR5|mollusc|Magallana_gigas|NP_001292277.1	dlaeveM00000297524	24.074	324	7.89e-13	72.8	28
LGR5|mollusc|Magallana_gigas|NP_001292277.1	dlaeveM00001324215	25.676	444	8.72e-13	72.0	37
LGR5|mollusc|Magallana_gigas|NP_001292277.1	dlaeveM00001117641	31.048	248	1.11e-12	70.9	22
LGR5|mollusc|Magallana_gigas|NP_001292277.1	dlaeveM00001068977	30.045	223	1.13e-12	72.0	20
LGR5|mollusc|Magallana_gigas|NP_001292277.1	dlaeveM00000968571	28.606	409	1.23e-12	71.6	35
LGR5|mollusc|Magallana_gigas|NP_001292277.1	dlaeveM00000968888	25.835	449	1.29e-12	71.6	40
LGR5|mollusc|Magallana_gigas|NP_001292277.1	dlaeveM00000968827	25.287	435	1.33e-12	72.0	37
LGR5|mollusc|Magallana_gigas|NP_001292277.1	dlaeveM00000968827	26.937	271	5.83e-09	60.1	37
LGR5|mollusc|Magallana_gigas|NP_001292277.1	dlaeveM00001342754	26.256	438	1.40e-12	71.6	38
LGR5|mollusc|Magallana_gigas|NP_001292277.1	dlaeveM00001342754	28.054	221	5.81e-12	69.7	38
LGR5|mollusc|Magallana_gigas|NP_001292277.1	dlaeveM00000969052	27.640	445	1.65e-12	71.2	39
LGR5|mollusc|Magallana_gigas|NP_001292277.1	dlaeveM00001636018	36.000	125	2.23e-12	67.0	28
LGR5|mollusc|Magallana_gigas|NP_001292277.1	dlaeveM00001636018	34.694	98	2.04e-09	58.2	28
LGR5|mollusc|Magallana_gigas|NP_001292277.1	dlaeveM00001636018	36.036	111	2.19e-06	49.3	28
LGR5|mollusc|Magallana_gigas|NP_001292277.1	dlaeveM00001636018	35.714	84	2.43e-06	49.3	28
LGR5|mollusc|Magallana_gigas|NP_001292277.1	dlaeveM00000970754	26.797	459	2.94e-12	70.5	41
LGR5|mollusc|Magallana_gigas|NP_001292277.1	dlaeveM00000968366	27.191	445	3.48e-12	70.5	40
LGR5|mollusc|Magallana_gigas|NP_001292277.1	dlaeveM00001514565	28.218	202	3.96e-12	70.5	26
LGR5|mollusc|Magallana_gigas|NP_001292277.1	dlaeveM00001514565	31.008	129	1.74e-08	58.9	26
LGR5|mollusc|Magallana_gigas|NP_001292277.1	dlaeveM00000643392	25.410	366	4.42e-12	70.5	38
LGR5|mollusc|Magallana_gigas|NP_001292277.1	dlaeveM00000643392	26.959	319	9.10e-09	59.7	38
LGR5|mollusc|Magallana_gigas|NP_001292277.1	dlaeveM00000643392	26.037	434	8.05e-06	50.1	38
LGR5|mollusc|Magallana_gigas|NP_001292277.1	dlaeveM00000969014	27.027	444	4.70e-12	70.1	38
LGR5|mollusc|Magallana_gigas|NP_001292277.1	dlaeveM00000968767	27.446	419	5.37e-12	69.7	37
LGR5|mollusc|Magallana_gigas|NP_001292277.1	dlaeveM00001138560	31.905	210	5.78e-12	69.3	40
LGR5|mollusc|Magallana_gigas|NP_001292277.1	dlaeveM00001138560	24.225	355	9.20e-12	68.6	40
LGR5|mollusc|Magallana_gigas|NP_001292277.1	dlaeveM00001138560	24.290	317	3.93e-07	53.9	40
LGR5|mollusc|Magallana_gigas|NP_001292277.1	dlaeveM00000970905	26.651	439	6.21e-12	69.3	37
LGR5|mollusc|Magallana_gigas|NP_001292277.1	dlaeveM00000780174	32.800	125	7.55e-12	69.7	38
LGR5|mollusc|Magallana_gigas|NP_001292277.1	dlaeveM00000780174	27.317	205	5.74e-09	60.5	38
LGR5|mollusc|Magallana_gigas|NP_001292277.1	dlaeveM00000780174	36.923	130	1.90e-07	55.5	38
LGR5|mollusc|Magallana_gigas|NP_001292277.1	dlaeveM00000780174	29.375	160	4.25e-06	51.2	38
LGR5|mollusc|Magallana_gigas|NP_001292277.1	dlaeveM00000968559	27.525	396	8.43e-12	68.9	35
LGR5|mollusc|Magallana_gigas|NP_001292277.1	dlaeveM00000968559	27.778	252	3.90e-06	50.8	35
LGR5|mollusc|Magallana_gigas|NP_001292277.1	dlaeveM00000968512	26.991	452	9.82e-12	68.9	40
LGR5|mollusc|Magallana_gigas|NP_001292277.1	dlaeveM00000618987	30.332	211	1.05e-11	69.7	44
LGR5|mollusc|Magallana_gigas|NP_001292277.1	dlaeveM00000618987	25.000	352	1.20e-11	69.3	44
LGR5|mollusc|Magallana_gigas|NP_001292277.1	dlaeveM00000618987	24.299	321	2.04e-06	52.4	44
LGR5|mollusc|Magallana_gigas|NP_001292277.1	dlaeveM00000909571	25.269	372	1.07e-11	68.6	29
LGR5|mollusc|Magallana_gigas|NP_001292277.1	dlaeveM00001459418	26.648	364	1.74e-11	68.6	39
LGR5|mollusc|Magallana_gigas|NP_001292277.1	dlaeveM00001459418	22.737	475	2.07e-09	62.0	39
LGR5|mollusc|Magallana_gigas|NP_001292277.1	dlaeveM00001241844	27.124	306	1.83e-11	68.6	25
LGR5|mollusc|Magallana_gigas|NP_001292277.1	dlaeveM00000968845	25.845	414	1.87e-11	67.8	37
LGR5|mollusc|Magallana_gigas|NP_001292277.1	dlaeveM00000618143	24.934	381	1.91e-11	68.6	31
LGR5|mollusc|Magallana_gigas|NP_001292277.1	dlaeveM00000968354	26.218	431	2.26e-11	67.8	37
LGR5|mollusc|Magallana_gigas|NP_001292277.1	dlaeveM00000968354	26.606	218	1.47e-07	55.5	37
LGR5|mollusc|Magallana_gigas|NP_001292277.1	dlaeveM00000970983	27.697	343	2.34e-11	67.8	27
LGR5|mollusc|Magallana_gigas|NP_001292277.1	dlaeveM00000972376	29.658	263	3.24e-11	67.0	38
LGR5|mollusc|Magallana_gigas|NP_001292277.1	dlaeveM00000972376	25.517	290	7.61e-06	49.7	38
LGR5|mollusc|Magallana_gigas|NP_001292277.1	dlaeveM00000970992	24.784	464	3.52e-11	67.0	41
LGR5|mollusc|Magallana_gigas|NP_001292277.1	dlaeveM00000693794	25.455	440	3.73e-11	67.8	40
LGR5|mollusc|Magallana_gigas|NP_001292277.1	dlaeveM00000693794	33.333	111	3.33e-06	51.6	40
LGR5|mollusc|Magallana_gigas|NP_001292277.1	dlaeveM00001291240	29.191	346	4.83e-11	67.4	31
LGR5|mollusc|Magallana_gigas|NP_001292277.1	dlaeveM00001291240	26.792	265	6.71e-08	57.0	31
LGR5|mollusc|Magallana_gigas|NP_001292277.1	dlaeveM00000968695	26.128	421	6.14e-11	66.2	42
LGR5|mollusc|Magallana_gigas|NP_001292277.1	dlaeveM00000968695	25.132	378	6.79e-06	50.1	42
LGR5|mollusc|Magallana_gigas|NP_001292277.1	dlaeveM00000909487	25.672	409	6.15e-11	66.2	34
LGR5|mollusc|Magallana_gigas|NP_001292277.1	dlaeveM00000622616	25.641	351	6.71e-11	67.0	38
LGR5|mollusc|Magallana_gigas|NP_001292277.1	dlaeveM00000622616	25.000	300	9.44e-07	53.5	38
LGR5|mollusc|Magallana_gigas|NP_001292277.1	dlaeveM00000909503	28.980	245	7.26e-11	65.5	36
LGR5|mollusc|Magallana_gigas|NP_001292277.1	dlaeveM00000909503	26.210	248	1.10e-07	55.5	36
LGR5|mollusc|Magallana_gigas|NP_001292277.1	dlaeveM00000825030	24.021	383	7.60e-11	66.2	32
LGR5|mollusc|Magallana_gigas|NP_001292277.1	dlaeveM00000909610	27.234	235	9.95e-11	65.5	41
LGR5|mollusc|Magallana_gigas|NP_001292277.1	dlaeveM00000909610	25.000	476	2.47e-07	54.7	41
LGR5|mollusc|Magallana_gigas|NP_001292277.1	dlaeveM00000871877	29.075	227	1.05e-10	64.7	27
LGR5|mollusc|Magallana_gigas|NP_001292277.1	dlaeveM00000871877	25.238	210	1.90e-06	51.6	27
LGR5|mollusc|Magallana_gigas|NP_001292277.1	dlaeveM00000643398	26.570	414	1.41e-10	65.9	39
LGR5|mollusc|Magallana_gigas|NP_001292277.1	dlaeveM00000643398	24.877	406	2.55e-09	62.0	39
LGR5|mollusc|Magallana_gigas|NP_001292277.1	dlaeveM00000643398	27.309	249	1.27e-07	56.2	39
LGR5|mollusc|Magallana_gigas|NP_001292277.1	dlaeveM00000643398	23.006	326	1.43e-06	52.8	39
LGR5|mollusc|Magallana_gigas|NP_001292277.1	dlaeveM00000643398	25.385	130	9.33e-06	50.1	39
LGR5|mollusc|Magallana_gigas|NP_001292277.1	dlaeveM00001065665	26.689	296	1.46e-10	65.1	25
LGR5|mollusc|Magallana_gigas|NP_001292277.1	dlaeveM00000968815	24.466	421	1.80e-10	64.7	38
LGR5|mollusc|Magallana_gigas|NP_001292277.1	dlaeveM00000968815	26.374	273	5.01e-08	57.0	38
LGR5|mollusc|Magallana_gigas|NP_001292277.1	dlaeveM00001329663	21.463	410	1.85e-10	65.1	35
LGR5|mollusc|Magallana_gigas|NP_001292277.1	dlaeveM00000130879	27.346	373	2.04e-10	65.5	32
LGR5|mollusc|Magallana_gigas|NP_001292277.1	dlaeveM00000970971	25.536	466	2.77e-10	64.3	41
LGR5|mollusc|Magallana_gigas|NP_001292277.1	dlaeveM00000968743	27.051	451	4.30e-10	63.5	41
LGR5|mollusc|Magallana_gigas|NP_001292277.1	dlaeveM00001055057	24.367	316	5.00e-10	62.8	25
LGR5|mollusc|Magallana_gigas|NP_001292277.1	dlaeveM00001003946	38.679	106	7.26e-10	63.5	18
LGR5|mollusc|Magallana_gigas|NP_001292277.1	dlaeveM00001003946	33.684	95	3.85e-06	51.6	18
LGR5|mollusc|Magallana_gigas|NP_001292277.1	dlaeveM00000968536	24.749	299	8.41e-10	62.8	37
LGR5|mollusc|Magallana_gigas|NP_001292277.1	dlaeveM00000968536	22.477	436	8.58e-08	56.2	37
LGR5|mollusc|Magallana_gigas|NP_001292277.1	dlaeveM00000968868	28.247	308	8.63e-10	62.4	25
LGR5|mollusc|Magallana_gigas|NP_001292277.1	dlaeveM00000307614	25.974	308	1.33e-09	62.4	37
LGR5|mollusc|Magallana_gigas|NP_001292277.1	dlaeveM00000307614	23.299	485	5.69e-08	57.4	37
LGR5|mollusc|Magallana_gigas|NP_001292277.1	dlaeveM00000971120	24.716	352	1.45e-09	62.0	36
LGR5|mollusc|Magallana_gigas|NP_001292277.1	dlaeveM00000971120	26.118	425	1.68e-09	61.6	36
LGR5|mollusc|Magallana_gigas|NP_001292277.1	dlaeveM00000513493	25.445	393	1.70e-09	62.4	37
LGR5|mollusc|Magallana_gigas|NP_001292277.1	dlaeveM00000513493	25.397	315	1.50e-08	59.3	37
LGR5|mollusc|Magallana_gigas|NP_001292277.1	dlaeveM00000513493	24.643	280	4.01e-06	51.2	37
LGR5|mollusc|Magallana_gigas|NP_001292277.1	dlaeveM00001356232	24.490	637	2.00e-09	62.0	45
LGR5|mollusc|Magallana_gigas|NP_001292277.1	dlaeveM00000521390	23.919	347	3.08e-09	60.5	27
LGR5|mollusc|Magallana_gigas|NP_001292277.1	dlaeveM00000538484	29.730	148	3.42e-09	61.2	14
LGR5|mollusc|Magallana_gigas|NP_001292277.1	dlaeveM00000773907	28.044	271	3.86e-09	61.2	41
LGR5|mollusc|Magallana_gigas|NP_001292277.1	dlaeveM00000773907	26.699	206	1.68e-07	55.8	41
LGR5|mollusc|Magallana_gigas|NP_001292277.1	dlaeveM00000773907	28.571	147	2.27e-06	52.0	41
LGR5|mollusc|Magallana_gigas|NP_001292277.1	dlaeveM00000773907	23.490	298	2.39e-06	52.0	41
LGR5|mollusc|Magallana_gigas|NP_001292277.1	dlaeveM00000971014	26.441	295	4.07e-09	59.7	26
LGR5|mollusc|Magallana_gigas|NP_001292277.1	dlaeveM00000968622	28.309	272	4.66e-09	60.1	40
LGR5|mollusc|Magallana_gigas|NP_001292277.1	dlaeveM00000968622	25.416	421	3.71e-08	57.4	40
LGR5|mollusc|Magallana_gigas|NP_001292277.1	dlaeveM00000968622	24.211	380	3.58e-06	50.8	40
LGR5|mollusc|Magallana_gigas|NP_001292277.1	dlaeveM00000283930	25.176	425	5.03e-09	60.8	40
LGR5|mollusc|Magallana_gigas|NP_001292277.1	dlaeveM00000283930	23.737	396	1.19e-06	53.1	40
LGR5|mollusc|Magallana_gigas|NP_001292277.1	dlaeveM00000968731	25.169	445	7.00e-09	59.7	40
LGR5|mollusc|Magallana_gigas|NP_001292277.1	dlaeveM00000968433	25.815	368	7.19e-09	59.7	29
LGR5|mollusc|Magallana_gigas|NP_001292277.1	dlaeveM00000009450	38.542	96	8.47e-09	60.1	9
LGR5|mollusc|Magallana_gigas|NP_001292277.1	dlaeveM00000209779	28.244	262	9.99e-09	59.7	40
LGR5|mollusc|Magallana_gigas|NP_001292277.1	dlaeveM00000209779	25.758	264	1.59e-06	52.8	40
LGR5|mollusc|Magallana_gigas|NP_001292277.1	dlaeveM00000971061	26.562	256	1.14e-08	58.9	41
LGR5|mollusc|Magallana_gigas|NP_001292277.1	dlaeveM00000971061	25.064	391	6.46e-08	56.6	41
LGR5|mollusc|Magallana_gigas|NP_001292277.1	dlaeveM00000971061	26.374	182	2.08e-07	55.1	41
LGR5|mollusc|Magallana_gigas|NP_001292277.1	dlaeveM00000971061	27.171	449	1.04e-06	52.8	41
LGR5|mollusc|Magallana_gigas|NP_001292277.1	dlaeveM00000971061	23.720	371	2.00e-06	52.0	41
LGR5|mollusc|Magallana_gigas|NP_001292277.1	dlaeveM00001077176	25.887	282	1.20e-08	58.9	24
LGR5|mollusc|Magallana_gigas|NP_001292277.1	dlaeveM00001089560	26.316	209	1.88e-08	58.9	18
LGR5|mollusc|Magallana_gigas|NP_001292277.1	dlaeveM00001361367	28.837	215	2.03e-08	58.5	19
LGR5|mollusc|Magallana_gigas|NP_001292277.1	dlaeveM00000578974	27.511	229	3.67e-08	57.8	37
LGR5|mollusc|Magallana_gigas|NP_001292277.1	dlaeveM00000578974	23.364	321	1.93e-07	55.5	37
LGR5|mollusc|Magallana_gigas|NP_001292277.1	dlaeveM00000578974	22.923	349	8.84e-06	50.1	37
LGR5|mollusc|Magallana_gigas|NP_001292277.1	dlaeveM00000070250	25.630	238	4.59e-08	57.8	20
LGR5|mollusc|Magallana_gigas|NP_001292277.1	dlaeveM00000968991	27.778	270	4.69e-08	57.0	42
LGR5|mollusc|Magallana_gigas|NP_001292277.1	dlaeveM00000968991	24.510	510	6.84e-07	53.1	42
LGR5|mollusc|Magallana_gigas|NP_001292277.1	dlaeveM00001138548	24.148	352	5.03e-08	57.0	42
LGR5|mollusc|Magallana_gigas|NP_001292277.1	dlaeveM00001138548	25.000	324	9.42e-07	52.8	42
LGR5|mollusc|Magallana_gigas|NP_001292277.1	dlaeveM00000968524	24.255	470	5.90e-08	56.6	38
LGR5|mollusc|Magallana_gigas|NP_001292277.1	dlaeveM00001138574	24.397	373	6.96e-08	56.2	27
LGR5|mollusc|Magallana_gigas|NP_001292277.1	dlaeveM00000876826	21.591	440	7.47e-08	57.0	37
LGR5|mollusc|Magallana_gigas|NP_001292277.1	dlaeveM00000970743	23.556	450	7.89e-08	56.2	40
LGR5|mollusc|Magallana_gigas|NP_001292277.1	dlaeveM00001214871	25.614	285	1.04e-07	56.6	26
LGR5|mollusc|Magallana_gigas|NP_001292277.1	dlaeveM00000909590	24.802	379	1.16e-07	55.8	29
LGR5|mollusc|Magallana_gigas|NP_001292277.1	dlaeveM00001415058	24.234	359	1.49e-07	55.5	28
LGR5|mollusc|Magallana_gigas|NP_001292277.1	dlaeveM00001633859	38.043	92	1.56e-07	50.8	10
LGR5|mollusc|Magallana_gigas|NP_001292277.1	dlaeveM00001633859	33.663	101	9.88e-06	45.4	10
LGR5|mollusc|Magallana_gigas|NP_001292277.1	dlaeveM00000971108	30.500	200	1.60e-07	55.5	38
LGR5|mollusc|Magallana_gigas|NP_001292277.1	dlaeveM00000971108	25.245	408	3.01e-07	54.3	38
LGR5|mollusc|Magallana_gigas|NP_001292277.1	dlaeveM00000971108	29.630	216	3.03e-07	54.3	38
LGR5|mollusc|Magallana_gigas|NP_001292277.1	dlaeveM00000909470	24.678	466	1.61e-07	55.5	41
LGR5|mollusc|Magallana_gigas|NP_001292277.1	dlaeveM00000909527	25.575	391	1.81e-07	55.5	32
LGR5|mollusc|Magallana_gigas|NP_001292277.1	dlaeveM00000909426	30.455	220	2.02e-07	55.1	19
LGR5|mollusc|Magallana_gigas|NP_001292277.1	dlaeveM00000909438	30.455	220	2.08e-07	55.1	19
LGR5|mollusc|Magallana_gigas|NP_001292277.1	dlaeveM00000823430	30.660	212	2.13e-07	55.1	19
LGR5|mollusc|Magallana_gigas|NP_001292277.1	dlaeveM00000993938	23.056	373	3.37e-07	54.3	30
LGR5|mollusc|Magallana_gigas|NP_001292277.1	dlaeveM00000961845	30.726	179	5.37e-07	53.9	16
LGR5|mollusc|Magallana_gigas|NP_001292277.1	dlaeveM00000971037	27.461	193	5.52e-07	53.5	26
LGR5|mollusc|Magallana_gigas|NP_001292277.1	dlaeveM00000971037	23.099	342	8.45e-07	52.8	26
LGR5|mollusc|Magallana_gigas|NP_001292277.1	dlaeveM00001428551	27.239	268	5.70e-07	53.9	33
LGR5|mollusc|Magallana_gigas|NP_001292277.1	dlaeveM00001428551	36.275	102	1.98e-06	52.4	33
LGR5|mollusc|Magallana_gigas|NP_001292277.1	dlaeveM00000968488	26.667	195	5.78e-07	53.5	34
LGR5|mollusc|Magallana_gigas|NP_001292277.1	dlaeveM00000968488	24.172	302	1.30e-06	52.4	34
LGR5|mollusc|Magallana_gigas|NP_001292277.1	dlaeveM00001278509	24.183	306	5.99e-07	53.5	25
LGR5|mollusc|Magallana_gigas|NP_001292277.1	dlaeveM00001470090	30.208	96	6.93e-07	49.7	9
LGR5|mollusc|Magallana_gigas|NP_001292277.1	dlaeveM00001581026	26.667	195	7.36e-07	53.5	17
LGR5|mollusc|Magallana_gigas|NP_001292277.1	dlaeveM00000682199	25.581	215	8.42e-07	52.8	27
LGR5|mollusc|Magallana_gigas|NP_001292277.1	dlaeveM00000682199	27.397	219	3.79e-06	50.4	27
LGR5|mollusc|Magallana_gigas|NP_001292277.1	dlaeveM00000103550	29.310	174	1.22e-06	52.8	15
LGR5|mollusc|Magallana_gigas|NP_001292277.1	dlaeveM00000971004	25.532	282	1.24e-06	52.4	23
LGR5|mollusc|Magallana_gigas|NP_001292277.1	dlaeveM00001241828	24.660	515	1.39e-06	52.8	38
LGR5|mollusc|Magallana_gigas|NP_001292277.1	dlaeveM00001495338	24.706	340	1.49e-06	52.0	28
LGR5|mollusc|Magallana_gigas|NP_001292277.1	dlaeveM00001637055	40.698	86	1.75e-06	52.4	8
LGR5|mollusc|Magallana_gigas|NP_001292277.1	dlaeveM00001350907	26.024	415	2.34e-06	51.6	38
LGR5|mollusc|Magallana_gigas|NP_001292277.1	dlaeveM00000184958	37.363	91	2.55e-06	52.0	8
LGR5|mollusc|Magallana_gigas|NP_001292277.1	dlaeveM00001492817	36.697	109	3.37e-06	51.6	10
LGR5|mollusc|Magallana_gigas|NP_001292277.1	dlaeveM00000685601	30.882	204	4.03e-06	50.8	18
LGR5|mollusc|Magallana_gigas|NP_001292277.1	dlaeveM00001554826	26.122	245	5.81e-06	50.4	22
LGR5|mollusc|Magallana_gigas|NP_001292277.1	dlaeveM00001026772	23.270	318	6.00e-06	50.1	26
LGR5|mollusc|Magallana_gigas|NP_001292277.1	dlaeveM00000664694	34.426	122	6.33e-06	50.4	11
LGR5|mollusc|Magallana_gigas|NP_001292277.1	dlaeveM00001609832	25.234	214	8.06e-06	50.1	18
LGR5|mollusc|Magallana_gigas|NP_001292277.1	dlaeveM00001416685	30.435	92	8.41e-06	46.6	8
LGR5|mollusc|Magallana_gigas|NP_001292277.1	dlaeveM00000034704	21.560	218	9.34e-06	49.7	18
LGR5|mollusc|Magallana_gigas|NP_001292277.1	dlaeveM00000909515	23.988	346	9.92e-06	49.7	25
LGR5|mollusc|Pomacea_canaliculata|XP_025085505.1	dlaeveM00000727719	58.758	902	0.0	1065	79
LGR5|mollusc|Pomacea_canaliculata|XP_025085505.1	dlaeveM00000441839	57.556	900	0.0	1031	79
LGR5|mollusc|Pomacea_canaliculata|XP_025085505.1	dlaeveM00000308285	32.228	754	7.16e-106	358	66
LGR5|mollusc|Pomacea_canaliculata|XP_025085505.1	dlaeveM00000351276	30.989	526	1.23e-52	200	76
LGR5|mollusc|Pomacea_canaliculata|XP_025085505.1	dlaeveM00000351276	27.344	256	2.65e-16	84.3	76
LGR5|mollusc|Pomacea_canaliculata|XP_025085505.1	dlaeveM00000351276	30.894	123	4.79e-11	67.4	76
LGR5|mollusc|Pomacea_canaliculata|XP_025085505.1	dlaeveM00000351276	22.311	251	3.46e-07	54.7	76
LGR5|mollusc|Pomacea_canaliculata|XP_025085505.1	dlaeveM00000132191	28.571	539	4.82e-50	193	77
LGR5|mollusc|Pomacea_canaliculata|XP_025085505.1	dlaeveM00000132191	26.638	229	3.97e-12	70.9	77
LGR5|mollusc|Pomacea_canaliculata|XP_025085505.1	dlaeveM00000132191	27.419	124	6.15e-11	67.0	77
LGR5|mollusc|Pomacea_canaliculata|XP_025085505.1	dlaeveM00000132191	23.950	238	1.14e-09	62.8	77
LGR5|mollusc|Pomacea_canaliculata|XP_025085505.1	dlaeveM00000132191	26.596	188	2.07e-07	55.5	77
LGR5|mollusc|Pomacea_canaliculata|XP_025085505.1	dlaeveM00000134217	30.268	522	1.26e-49	192	70
LGR5|mollusc|Pomacea_canaliculata|XP_025085505.1	dlaeveM00000134217	29.655	145	4.07e-11	67.8	70
LGR5|mollusc|Pomacea_canaliculata|XP_025085505.1	dlaeveM00000134217	26.203	187	1.25e-09	62.8	70
LGR5|mollusc|Pomacea_canaliculata|XP_025085505.1	dlaeveM00000134217	27.966	118	2.17e-08	58.5	70
LGR5|mollusc|Pomacea_canaliculata|XP_025085505.1	dlaeveM00000134217	26.590	173	3.30e-06	51.6	70
LGR5|mollusc|Pomacea_canaliculata|XP_025085505.1	dlaeveM00001470068	33.443	305	1.94e-39	154	26
LGR5|mollusc|Pomacea_canaliculata|XP_025085505.1	dlaeveM00000612275	29.263	434	1.64e-37	153	38
LGR5|mollusc|Pomacea_canaliculata|XP_025085505.1	dlaeveM00000612275	27.019	322	1.16e-21	102	38
LGR5|mollusc|Pomacea_canaliculata|XP_025085505.1	dlaeveM00000612275	27.835	291	4.04e-20	97.1	38
LGR5|mollusc|Pomacea_canaliculata|XP_025085505.1	dlaeveM00001121277	27.252	433	3.53e-31	130	38
LGR5|mollusc|Pomacea_canaliculata|XP_025085505.1	dlaeveM00001121277	32.099	243	9.06e-19	91.7	38
LGR5|mollusc|Pomacea_canaliculata|XP_025085505.1	dlaeveM00001121277	28.571	154	8.19e-06	50.1	38
LGR5|mollusc|Pomacea_canaliculata|XP_025085505.1	dlaeveM00000029360	28.070	456	3.69e-30	129	40
LGR5|mollusc|Pomacea_canaliculata|XP_025085505.1	dlaeveM00000029360	24.635	479	2.04e-17	88.2	40
LGR5|mollusc|Pomacea_canaliculata|XP_025085505.1	dlaeveM00000029360	25.076	331	6.66e-13	73.6	40
LGR5|mollusc|Pomacea_canaliculata|XP_025085505.1	dlaeveM00000029360	40.351	114	8.16e-13	73.2	40
LGR5|mollusc|Pomacea_canaliculata|XP_025085505.1	dlaeveM00000029360	25.220	341	1.29e-11	69.3	40
LGR5|mollusc|Pomacea_canaliculata|XP_025085505.1	dlaeveM00000029360	39.423	104	1.79e-08	58.9	40
LGR5|mollusc|Pomacea_canaliculata|XP_025085505.1	dlaeveM00000029360	39.506	81	1.73e-07	55.8	40
LGR5|mollusc|Pomacea_canaliculata|XP_025085505.1	dlaeveM00001450949	27.739	429	1.24e-29	127	39
LGR5|mollusc|Pomacea_canaliculata|XP_025085505.1	dlaeveM00001510187	30.796	289	1.37e-28	124	25
LGR5|mollusc|Pomacea_canaliculata|XP_025085505.1	dlaeveM00001147889	27.051	451	3.07e-28	122	46
LGR5|mollusc|Pomacea_canaliculata|XP_025085505.1	dlaeveM00001147889	24.808	391	6.13e-20	95.9	46
LGR5|mollusc|Pomacea_canaliculata|XP_025085505.1	dlaeveM00001147889	26.786	280	2.71e-10	64.7	46
LGR5|mollusc|Pomacea_canaliculata|XP_025085505.1	dlaeveM00001017605	27.962	422	1.55e-27	121	41
LGR5|mollusc|Pomacea_canaliculata|XP_025085505.1	dlaeveM00001017605	26.238	404	5.07e-18	90.5	41
LGR5|mollusc|Pomacea_canaliculata|XP_025085505.1	dlaeveM00001017605	25.678	479	1.45e-14	79.0	41
LGR5|mollusc|Pomacea_canaliculata|XP_025085505.1	dlaeveM00001017605	33.803	142	4.82e-11	67.4	41
LGR5|mollusc|Pomacea_canaliculata|XP_025085505.1	dlaeveM00001017605	23.442	337	1.09e-10	66.2	41
LGR5|mollusc|Pomacea_canaliculata|XP_025085505.1	dlaeveM00001017605	30.702	114	1.77e-09	62.4	41
LGR5|mollusc|Pomacea_canaliculata|XP_025085505.1	dlaeveM00001017605	32.990	97	5.01e-07	54.3	41
LGR5|mollusc|Pomacea_canaliculata|XP_025085505.1	dlaeveM00001017605	35.802	81	8.36e-06	50.4	41
LGR5|mollusc|Pomacea_canaliculata|XP_025085505.1	dlaeveM00001625922	26.139	417	2.83e-27	119	45
LGR5|mollusc|Pomacea_canaliculata|XP_025085505.1	dlaeveM00001625922	24.552	391	9.18e-16	82.4	45
LGR5|mollusc|Pomacea_canaliculata|XP_025085505.1	dlaeveM00000467207	30.164	305	1.07e-26	118	26
LGR5|mollusc|Pomacea_canaliculata|XP_025085505.1	dlaeveM00000759469	29.568	301	4.03e-26	116	42
LGR5|mollusc|Pomacea_canaliculata|XP_025085505.1	dlaeveM00000759469	25.000	196	3.37e-07	55.1	42
LGR5|mollusc|Pomacea_canaliculata|XP_025085505.1	dlaeveM00000974778	30.743	296	9.06e-26	115	26
LGR5|mollusc|Pomacea_canaliculata|XP_025085505.1	dlaeveM00000238118	26.304	460	9.73e-26	115	38
LGR5|mollusc|Pomacea_canaliculata|XP_025085505.1	dlaeveM00000238118	27.437	277	4.04e-19	94.0	38
LGR5|mollusc|Pomacea_canaliculata|XP_025085505.1	dlaeveM00000238118	25.634	355	4.77e-18	90.5	38
LGR5|mollusc|Pomacea_canaliculata|XP_025085505.1	dlaeveM00000690022	22.967	418	1.45e-25	114	38
LGR5|mollusc|Pomacea_canaliculata|XP_025085505.1	dlaeveM00000690022	23.810	399	8.43e-20	96.3	38
LGR5|mollusc|Pomacea_canaliculata|XP_025085505.1	dlaeveM00000690022	25.310	403	3.31e-19	94.0	38
LGR5|mollusc|Pomacea_canaliculata|XP_025085505.1	dlaeveM00000690022	22.717	427	9.90e-10	63.2	38
LGR5|mollusc|Pomacea_canaliculata|XP_025085505.1	dlaeveM00000690022	26.923	156	1.79e-09	62.4	38
LGR5|mollusc|Pomacea_canaliculata|XP_025085505.1	dlaeveM00001477148	25.570	395	1.85e-25	114	39
LGR5|mollusc|Pomacea_canaliculata|XP_025085505.1	dlaeveM00001477148	24.250	400	9.69e-25	112	39
LGR5|mollusc|Pomacea_canaliculata|XP_025085505.1	dlaeveM00001477148	22.271	458	1.24e-17	89.0	39
LGR5|mollusc|Pomacea_canaliculata|XP_025085505.1	dlaeveM00001477148	31.293	147	1.33e-10	66.2	39
LGR5|mollusc|Pomacea_canaliculata|XP_025085505.1	dlaeveM00001477148	24.548	387	3.24e-06	51.6	39
LGR5|mollusc|Pomacea_canaliculata|XP_025085505.1	dlaeveM00001419966	31.731	312	4.85e-25	112	26
LGR5|mollusc|Pomacea_canaliculata|XP_025085505.1	dlaeveM00001421674	30.293	307	1.12e-24	112	26
LGR5|mollusc|Pomacea_canaliculata|XP_025085505.1	dlaeveM00000693041	23.077	416	1.26e-24	111	43
LGR5|mollusc|Pomacea_canaliculata|XP_025085505.1	dlaeveM00000693041	24.236	491	1.11e-19	95.1	43
LGR5|mollusc|Pomacea_canaliculata|XP_025085505.1	dlaeveM00000693041	24.194	496	2.75e-18	90.9	43
LGR5|mollusc|Pomacea_canaliculata|XP_025085505.1	dlaeveM00000693041	24.324	370	1.19e-17	88.6	43
LGR5|mollusc|Pomacea_canaliculata|XP_025085505.1	dlaeveM00001418550	30.921	304	1.93e-24	111	26
LGR5|mollusc|Pomacea_canaliculata|XP_025085505.1	dlaeveM00001414694	32.660	297	2.73e-24	110	25
LGR5|mollusc|Pomacea_canaliculata|XP_025085505.1	dlaeveM00001419982	31.090	312	1.44e-23	108	26
LGR5|mollusc|Pomacea_canaliculata|XP_025085505.1	dlaeveM00001412256	31.058	293	3.56e-23	107	25
LGR5|mollusc|Pomacea_canaliculata|XP_025085505.1	dlaeveM00000325309	25.852	499	7.44e-23	105	41
LGR5|mollusc|Pomacea_canaliculata|XP_025085505.1	dlaeveM00001421763	28.105	306	1.62e-22	104	26
LGR5|mollusc|Pomacea_canaliculata|XP_025085505.1	dlaeveM00000719835	27.045	440	5.12e-20	95.9	37
LGR5|mollusc|Pomacea_canaliculata|XP_025085505.1	dlaeveM00000719835	28.818	406	2.06e-18	90.5	37
LGR5|mollusc|Pomacea_canaliculata|XP_025085505.1	dlaeveM00000719835	28.146	302	3.02e-17	87.0	37
LGR5|mollusc|Pomacea_canaliculata|XP_025085505.1	dlaeveM00000232982	28.302	424	6.45e-20	95.9	47
LGR5|mollusc|Pomacea_canaliculata|XP_025085505.1	dlaeveM00000232982	26.441	503	3.36e-10	64.3	47
LGR5|mollusc|Pomacea_canaliculata|XP_025085505.1	dlaeveM00000232982	27.793	367	5.64e-08	57.0	47
LGR5|mollusc|Pomacea_canaliculata|XP_025085505.1	dlaeveM00001225627	25.270	463	2.66e-19	94.0	37
LGR5|mollusc|Pomacea_canaliculata|XP_025085505.1	dlaeveM00001225627	26.196	439	6.54e-19	92.8	37
LGR5|mollusc|Pomacea_canaliculata|XP_025085505.1	dlaeveM00000968467	25.231	432	1.16e-18	90.9	36
LGR5|mollusc|Pomacea_canaliculata|XP_025085505.1	dlaeveM00000968467	25.753	299	1.15e-09	62.4	36
LGR5|mollusc|Pomacea_canaliculata|XP_025085505.1	dlaeveM00001415058	27.934	426	2.50e-18	89.4	35
LGR5|mollusc|Pomacea_canaliculata|XP_025085505.1	dlaeveM00000455829	26.364	440	5.91e-18	89.0	37
LGR5|mollusc|Pomacea_canaliculata|XP_025085505.1	dlaeveM00000455829	26.934	349	1.44e-15	81.6	37
LGR5|mollusc|Pomacea_canaliculata|XP_025085505.1	dlaeveM00000851947	24.793	484	1.41e-17	88.6	40
LGR5|mollusc|Pomacea_canaliculata|XP_025085505.1	dlaeveM00000851947	27.273	352	2.61e-15	81.3	40
LGR5|mollusc|Pomacea_canaliculata|XP_025085505.1	dlaeveM00000349821	27.273	429	3.25e-17	87.0	37
LGR5|mollusc|Pomacea_canaliculata|XP_025085505.1	dlaeveM00000349821	25.635	433	4.80e-13	73.6	37
LGR5|mollusc|Pomacea_canaliculata|XP_025085505.1	dlaeveM00000349821	25.075	335	1.11e-09	62.8	37
LGR5|mollusc|Pomacea_canaliculata|XP_025085505.1	dlaeveM00000898725	25.694	432	3.63e-17	86.7	39
LGR5|mollusc|Pomacea_canaliculata|XP_025085505.1	dlaeveM00000898725	27.138	269	3.81e-14	77.0	39
LGR5|mollusc|Pomacea_canaliculata|XP_025085505.1	dlaeveM00000898725	33.588	131	6.34e-07	53.5	39
LGR5|mollusc|Pomacea_canaliculata|XP_025085505.1	dlaeveM00000945767	25.000	456	2.45e-16	84.7	37
LGR5|mollusc|Pomacea_canaliculata|XP_025085505.1	dlaeveM00000945767	24.869	382	4.18e-13	73.9	37
LGR5|mollusc|Pomacea_canaliculata|XP_025085505.1	dlaeveM00000945767	35.849	106	2.66e-06	52.0	37
LGR5|mollusc|Pomacea_canaliculata|XP_025085505.1	dlaeveM00001425406	23.481	609	8.68e-16	82.8	42
LGR5|mollusc|Pomacea_canaliculata|XP_025085505.1	dlaeveM00000643317	24.332	374	9.34e-16	82.8	38
LGR5|mollusc|Pomacea_canaliculata|XP_025085505.1	dlaeveM00000643317	23.358	411	5.37e-12	70.5	38
LGR5|mollusc|Pomacea_canaliculata|XP_025085505.1	dlaeveM00000643317	31.757	148	2.28e-11	68.6	38
LGR5|mollusc|Pomacea_canaliculata|XP_025085505.1	dlaeveM00000643317	27.869	122	6.76e-06	50.4	38
LGR5|mollusc|Pomacea_canaliculata|XP_025085505.1	dlaeveM00001350907	27.352	457	1.53e-15	81.6	39
LGR5|mollusc|Pomacea_canaliculata|XP_025085505.1	dlaeveM00000909610	31.849	292	2.85e-15	80.1	39
LGR5|mollusc|Pomacea_canaliculata|XP_025085505.1	dlaeveM00000909610	23.928	443	9.31e-07	52.8	39
LGR5|mollusc|Pomacea_canaliculata|XP_025085505.1	dlaeveM00000968645	27.293	447	3.22e-15	79.7	39
LGR5|mollusc|Pomacea_canaliculata|XP_025085505.1	dlaeveM00000876826	25.063	399	3.95e-15	80.9	34
LGR5|mollusc|Pomacea_canaliculata|XP_025085505.1	dlaeveM00000636100	30.472	233	7.28e-15	79.0	37
LGR5|mollusc|Pomacea_canaliculata|XP_025085505.1	dlaeveM00000636100	27.726	321	2.37e-14	77.4	37
LGR5|mollusc|Pomacea_canaliculata|XP_025085505.1	dlaeveM00000636100	26.144	306	6.59e-10	63.2	37
LGR5|mollusc|Pomacea_canaliculata|XP_025085505.1	dlaeveM00000970860	28.400	250	9.69e-15	78.2	35
LGR5|mollusc|Pomacea_canaliculata|XP_025085505.1	dlaeveM00000970860	23.636	385	1.44e-13	74.7	35
LGR5|mollusc|Pomacea_canaliculata|XP_025085505.1	dlaeveM00001514565	31.953	169	1.37e-14	78.6	34
LGR5|mollusc|Pomacea_canaliculata|XP_025085505.1	dlaeveM00001514565	27.811	169	4.18e-09	60.8	34
LGR5|mollusc|Pomacea_canaliculata|XP_025085505.1	dlaeveM00001514565	25.455	165	7.29e-06	50.4	34
LGR5|mollusc|Pomacea_canaliculata|XP_025085505.1	dlaeveM00000513493	25.959	339	1.92e-14	78.6	31
LGR5|mollusc|Pomacea_canaliculata|XP_025085505.1	dlaeveM00000513493	28.139	231	2.79e-08	58.5	31
LGR5|mollusc|Pomacea_canaliculata|XP_025085505.1	dlaeveM00000643340	24.064	374	2.51e-14	78.2	35
LGR5|mollusc|Pomacea_canaliculata|XP_025085505.1	dlaeveM00000643340	23.844	411	2.94e-12	71.6	35
LGR5|mollusc|Pomacea_canaliculata|XP_025085505.1	dlaeveM00000643340	31.757	148	3.83e-11	67.8	35
LGR5|mollusc|Pomacea_canaliculata|XP_025085505.1	dlaeveM00000130879	26.817	399	3.12e-14	78.2	36
LGR5|mollusc|Pomacea_canaliculata|XP_025085505.1	dlaeveM00000209779	27.083	384	3.18e-14	77.8	36
LGR5|mollusc|Pomacea_canaliculata|XP_025085505.1	dlaeveM00000209779	25.681	257	4.59e-07	54.3	36
LGR5|mollusc|Pomacea_canaliculata|XP_025085505.1	dlaeveM00000209779	30.736	231	1.18e-06	53.1	36
LGR5|mollusc|Pomacea_canaliculata|XP_025085505.1	dlaeveM00001342754	29.066	289	3.25e-14	77.0	37
LGR5|mollusc|Pomacea_canaliculata|XP_025085505.1	dlaeveM00001342754	23.465	456	7.39e-12	69.3	37
LGR5|mollusc|Pomacea_canaliculata|XP_025085505.1	dlaeveM00001342754	25.784	287	3.02e-08	57.8	37
LGR5|mollusc|Pomacea_canaliculata|XP_025085505.1	dlaeveM00000970642	26.164	451	3.36e-14	76.6	38
LGR5|mollusc|Pomacea_canaliculata|XP_025085505.1	dlaeveM00001416987	24.920	313	3.66e-14	76.3	26
LGR5|mollusc|Pomacea_canaliculata|XP_025085505.1	dlaeveM00000643374	26.712	292	5.97e-14	76.3	35
LGR5|mollusc|Pomacea_canaliculata|XP_025085505.1	dlaeveM00000643374	23.409	440	2.52e-06	51.6	35
LGR5|mollusc|Pomacea_canaliculata|XP_025085505.1	dlaeveM00000968991	28.175	252	6.73e-14	75.9	32
LGR5|mollusc|Pomacea_canaliculata|XP_025085505.1	dlaeveM00000968991	25.000	332	2.93e-08	57.8	32
LGR5|mollusc|Pomacea_canaliculata|XP_025085505.1	dlaeveM00001319135	28.926	363	9.64e-14	76.3	39
LGR5|mollusc|Pomacea_canaliculata|XP_025085505.1	dlaeveM00001319135	26.018	442	1.04e-12	72.8	39
LGR5|mollusc|Pomacea_canaliculata|XP_025085505.1	dlaeveM00000968705	26.147	436	1.03e-13	75.1	36
LGR5|mollusc|Pomacea_canaliculata|XP_025085505.1	dlaeveM00000968876	24.454	458	1.04e-13	75.1	38
LGR5|mollusc|Pomacea_canaliculata|XP_025085505.1	dlaeveM00000968827	24.409	508	1.08e-13	75.5	41
LGR5|mollusc|Pomacea_canaliculata|XP_025085505.1	dlaeveM00000780174	35.606	132	1.26e-13	75.5	28
LGR5|mollusc|Pomacea_canaliculata|XP_025085505.1	dlaeveM00000780174	31.973	147	2.62e-09	61.6	28
LGR5|mollusc|Pomacea_canaliculata|XP_025085505.1	dlaeveM00000780174	27.481	131	3.66e-07	54.7	28
LGR5|mollusc|Pomacea_canaliculata|XP_025085505.1	dlaeveM00000909487	26.866	469	1.34e-13	74.7	40
LGR5|mollusc|Pomacea_canaliculata|XP_025085505.1	dlaeveM00000968767	26.281	449	1.54e-13	74.7	39
LGR5|mollusc|Pomacea_canaliculata|XP_025085505.1	dlaeveM00000970721	26.641	259	1.79e-13	74.3	38
LGR5|mollusc|Pomacea_canaliculata|XP_025085505.1	dlaeveM00000970721	22.857	490	1.56e-09	61.6	38
LGR5|mollusc|Pomacea_canaliculata|XP_025085505.1	dlaeveM00000968512	27.294	436	2.16e-13	73.9	38
LGR5|mollusc|Pomacea_canaliculata|XP_025085505.1	dlaeveM00001329663	24.679	312	2.20e-13	74.3	25
LGR5|mollusc|Pomacea_canaliculata|XP_025085505.1	dlaeveM00000959596	24.296	284	2.61e-13	73.6	24
LGR5|mollusc|Pomacea_canaliculata|XP_025085505.1	dlaeveM00001343822	23.779	307	2.71e-13	73.6	25
LGR5|mollusc|Pomacea_canaliculata|XP_025085505.1	dlaeveM00001138560	31.092	238	2.88e-13	73.6	37
LGR5|mollusc|Pomacea_canaliculata|XP_025085505.1	dlaeveM00001138560	23.058	412	6.03e-06	50.1	37
LGR5|mollusc|Pomacea_canaliculata|XP_025085505.1	dlaeveM00000968400	30.081	246	4.05e-13	73.2	33
LGR5|mollusc|Pomacea_canaliculata|XP_025085505.1	dlaeveM00000968400	27.036	307	6.28e-08	56.6	33
LGR5|mollusc|Pomacea_canaliculata|XP_025085505.1	dlaeveM00000970853	26.230	305	4.35e-13	72.8	25
LGR5|mollusc|Pomacea_canaliculata|XP_025085505.1	dlaeveM00000970853	27.488	211	3.36e-08	57.4	25
LGR5|mollusc|Pomacea_canaliculata|XP_025085505.1	dlaeveM00001324215	26.777	422	4.86e-13	73.2	37
LGR5|mollusc|Pomacea_canaliculata|XP_025085505.1	dlaeveM00000968500	25.666	413	7.62e-13	72.4	40
LGR5|mollusc|Pomacea_canaliculata|XP_025085505.1	dlaeveM00000968500	26.032	315	1.34e-06	52.4	40
LGR5|mollusc|Pomacea_canaliculata|XP_025085505.1	dlaeveM00000909527	27.078	373	1.49e-12	71.6	33
LGR5|mollusc|Pomacea_canaliculata|XP_025085505.1	dlaeveM00001459418	22.894	463	1.72e-12	72.0	36
LGR5|mollusc|Pomacea_canaliculata|XP_025085505.1	dlaeveM00001065665	27.609	297	1.91e-12	71.2	24
LGR5|mollusc|Pomacea_canaliculata|XP_025085505.1	dlaeveM00000969075	25.275	364	1.92e-12	71.2	39
LGR5|mollusc|Pomacea_canaliculata|XP_025085505.1	dlaeveM00000969075	28.571	252	2.35e-12	70.9	39
LGR5|mollusc|Pomacea_canaliculata|XP_025085505.1	dlaeveM00000969075	25.403	248	8.32e-08	56.2	39
LGR5|mollusc|Pomacea_canaliculata|XP_025085505.1	dlaeveM00000643392	26.765	340	2.09e-12	71.6	39
LGR5|mollusc|Pomacea_canaliculata|XP_025085505.1	dlaeveM00000643392	23.333	450	3.77e-10	64.3	39
LGR5|mollusc|Pomacea_canaliculata|XP_025085505.1	dlaeveM00000643392	31.206	141	2.21e-09	62.0	39
LGR5|mollusc|Pomacea_canaliculata|XP_025085505.1	dlaeveM00000643392	26.829	287	2.82e-06	51.6	39
LGR5|mollusc|Pomacea_canaliculata|XP_025085505.1	dlaeveM00000968966	25.280	447	2.12e-12	70.9	39
LGR5|mollusc|Pomacea_canaliculata|XP_025085505.1	dlaeveM00000968966	24.873	394	9.52e-11	65.9	39
LGR5|mollusc|Pomacea_canaliculata|XP_025085505.1	dlaeveM00000970992	25.277	451	2.47e-12	70.9	39
LGR5|mollusc|Pomacea_canaliculata|XP_025085505.1	dlaeveM00000970828	26.159	302	3.64e-12	70.1	38
LGR5|mollusc|Pomacea_canaliculata|XP_025085505.1	dlaeveM00000970828	25.835	449	2.38e-11	67.8	38
LGR5|mollusc|Pomacea_canaliculata|XP_025085505.1	dlaeveM00000970828	23.741	278	2.54e-06	51.6	38
LGR5|mollusc|Pomacea_canaliculata|XP_025085505.1	dlaeveM00000971120	26.573	286	4.06e-12	70.1	35
LGR5|mollusc|Pomacea_canaliculata|XP_025085505.1	dlaeveM00000971120	25.225	333	9.87e-10	62.4	35
LGR5|mollusc|Pomacea_canaliculata|XP_025085505.1	dlaeveM00000968622	27.554	323	4.20e-12	70.1	25
LGR5|mollusc|Pomacea_canaliculata|XP_025085505.1	dlaeveM00000968622	25.926	243	1.07e-08	59.3	25
LGR5|mollusc|Pomacea_canaliculata|XP_025085505.1	dlaeveM00000968559	25.346	434	5.03e-12	69.7	37
LGR5|mollusc|Pomacea_canaliculata|XP_025085505.1	dlaeveM00000693794	23.340	467	5.81e-12	70.5	40
LGR5|mollusc|Pomacea_canaliculata|XP_025085505.1	dlaeveM00000969052	24.265	408	5.92e-12	69.7	37
LGR5|mollusc|Pomacea_canaliculata|XP_025085505.1	dlaeveM00000969052	24.847	326	1.03e-11	68.9	37
LGR5|mollusc|Pomacea_canaliculata|XP_025085505.1	dlaeveM00000968845	24.769	432	6.80e-12	69.3	37
LGR5|mollusc|Pomacea_canaliculata|XP_025085505.1	dlaeveM00000773907	25.253	198	7.54e-12	70.1	35
LGR5|mollusc|Pomacea_canaliculata|XP_025085505.1	dlaeveM00000773907	26.174	298	1.14e-10	66.2	35
LGR5|mollusc|Pomacea_canaliculata|XP_025085505.1	dlaeveM00001291240	24.318	403	8.79e-12	70.1	35
LGR5|mollusc|Pomacea_canaliculata|XP_025085505.1	dlaeveM00001291240	27.329	322	4.81e-07	54.3	35
LGR5|mollusc|Pomacea_canaliculata|XP_025085505.1	dlaeveM00000643398	27.429	175	1.02e-11	69.7	41
LGR5|mollusc|Pomacea_canaliculata|XP_025085505.1	dlaeveM00000643398	25.408	429	3.12e-09	61.6	41
LGR5|mollusc|Pomacea_canaliculata|XP_025085505.1	dlaeveM00000643398	25.062	403	5.31e-09	60.8	41
LGR5|mollusc|Pomacea_canaliculata|XP_025085505.1	dlaeveM00000968719	26.351	444	1.33e-11	68.6	39
LGR5|mollusc|Pomacea_canaliculata|XP_025085505.1	dlaeveM00000968719	26.625	323	5.63e-09	60.1	39
LGR5|mollusc|Pomacea_canaliculata|XP_025085505.1	dlaeveM00000909470	25.112	446	1.45e-11	68.2	38
LGR5|mollusc|Pomacea_canaliculata|XP_025085505.1	dlaeveM00000968488	29.600	250	1.87e-11	67.8	34
LGR5|mollusc|Pomacea_canaliculata|XP_025085505.1	dlaeveM00000968488	26.385	379	3.24e-10	63.9	34
LGR5|mollusc|Pomacea_canaliculata|XP_025085505.1	dlaeveM00000968488	31.633	196	7.40e-08	56.6	34
LGR5|mollusc|Pomacea_canaliculata|XP_025085505.1	dlaeveM00000970743	30.769	247	1.90e-11	67.8	37
LGR5|mollusc|Pomacea_canaliculata|XP_025085505.1	dlaeveM00000970743	25.176	425	9.04e-08	56.2	37
LGR5|mollusc|Pomacea_canaliculata|XP_025085505.1	dlaeveM00000968423	23.673	452	1.99e-11	67.8	38
LGR5|mollusc|Pomacea_canaliculata|XP_025085505.1	dlaeveM00000972376	30.081	246	2.12e-11	67.4	22
LGR5|mollusc|Pomacea_canaliculata|XP_025085505.1	dlaeveM00000618987	27.586	261	2.52e-11	68.6	35
LGR5|mollusc|Pomacea_canaliculata|XP_025085505.1	dlaeveM00000618987	27.778	234	2.05e-08	58.9	35
LGR5|mollusc|Pomacea_canaliculata|XP_025085505.1	dlaeveM00000618987	25.359	209	3.49e-08	58.2	35
LGR5|mollusc|Pomacea_canaliculata|XP_025085505.1	dlaeveM00000618987	25.439	228	9.09e-07	53.5	35
LGR5|mollusc|Pomacea_canaliculata|XP_025085505.1	dlaeveM00000969014	28.571	252	2.61e-11	67.4	29
LGR5|mollusc|Pomacea_canaliculata|XP_025085505.1	dlaeveM00000969014	23.026	304	1.63e-08	58.5	29
LGR5|mollusc|Pomacea_canaliculata|XP_025085505.1	dlaeveM00000297524	23.239	284	2.63e-11	67.8	24
LGR5|mollusc|Pomacea_canaliculata|XP_025085505.1	dlaeveM00000968888	23.196	388	2.74e-11	67.4	42
LGR5|mollusc|Pomacea_canaliculata|XP_025085505.1	dlaeveM00000968888	24.672	381	8.38e-09	59.3	42
LGR5|mollusc|Pomacea_canaliculata|XP_025085505.1	dlaeveM00000740136	23.562	365	3.52e-11	67.8	45
LGR5|mollusc|Pomacea_canaliculata|XP_025085505.1	dlaeveM00000740136	25.269	372	1.24e-08	59.7	45
LGR5|mollusc|Pomacea_canaliculata|XP_025085505.1	dlaeveM00000825030	25.175	286	4.74e-11	67.0	24
LGR5|mollusc|Pomacea_canaliculata|XP_025085505.1	dlaeveM00000968571	26.568	271	5.19e-11	66.6	33
LGR5|mollusc|Pomacea_canaliculata|XP_025085505.1	dlaeveM00000968571	24.183	306	1.04e-08	59.3	33
LGR5|mollusc|Pomacea_canaliculata|XP_025085505.1	dlaeveM00001282449	24.823	423	5.40e-11	66.6	40
LGR5|mollusc|Pomacea_canaliculata|XP_025085505.1	dlaeveM00001282449	25.690	471	3.86e-10	63.9	40
LGR5|mollusc|Pomacea_canaliculata|XP_025085505.1	dlaeveM00001282449	29.710	138	6.15e-07	53.5	40
LGR5|mollusc|Pomacea_canaliculata|XP_025085505.1	dlaeveM00000968445	28.514	249	5.78e-11	66.2	20
LGR5|mollusc|Pomacea_canaliculata|XP_025085505.1	dlaeveM00000968803	26.022	269	5.92e-11	66.2	24
LGR5|mollusc|Pomacea_canaliculata|XP_025085505.1	dlaeveM00000970676	24.645	422	6.40e-11	66.2	37
LGR5|mollusc|Pomacea_canaliculata|XP_025085505.1	dlaeveM00000968921	23.725	451	9.59e-11	65.9	39
LGR5|mollusc|Pomacea_canaliculata|XP_025085505.1	dlaeveM00000307614	25.234	321	1.29e-10	65.9	39
LGR5|mollusc|Pomacea_canaliculata|XP_025085505.1	dlaeveM00000307614	30.573	157	4.79e-08	57.4	39
LGR5|mollusc|Pomacea_canaliculata|XP_025085505.1	dlaeveM00000307614	24.481	482	5.41e-06	50.8	39
LGR5|mollusc|Pomacea_canaliculata|XP_025085505.1	dlaeveM00000622616	25.806	279	1.35e-10	66.2	30
LGR5|mollusc|Pomacea_canaliculata|XP_025085505.1	dlaeveM00000622616	26.848	257	4.34e-10	64.3	30
LGR5|mollusc|Pomacea_canaliculata|XP_025085505.1	dlaeveM00000968791	26.199	271	1.46e-10	65.1	36
LGR5|mollusc|Pomacea_canaliculata|XP_025085505.1	dlaeveM00000968791	24.510	306	2.01e-08	58.2	36
LGR5|mollusc|Pomacea_canaliculata|XP_025085505.1	dlaeveM00000968791	24.515	412	4.22e-08	57.4	36
LGR5|mollusc|Pomacea_canaliculata|XP_025085505.1	dlaeveM00000349760	24.691	405	1.72e-10	65.5	37
LGR5|mollusc|Pomacea_canaliculata|XP_025085505.1	dlaeveM00000349760	24.949	493	4.02e-09	60.8	37
LGR5|mollusc|Pomacea_canaliculata|XP_025085505.1	dlaeveM00000971014	28.521	284	1.74e-10	63.9	25
LGR5|mollusc|Pomacea_canaliculata|XP_025085505.1	dlaeveM00000971061	29.197	274	1.77e-10	65.1	34
LGR5|mollusc|Pomacea_canaliculata|XP_025085505.1	dlaeveM00000971061	24.691	405	2.88e-10	64.3	34
LGR5|mollusc|Pomacea_canaliculata|XP_025085505.1	dlaeveM00000968779	27.519	258	1.96e-10	64.3	33
LGR5|mollusc|Pomacea_canaliculata|XP_025085505.1	dlaeveM00000968779	21.649	388	8.25e-10	62.4	33
LGR5|mollusc|Pomacea_canaliculata|XP_025085505.1	dlaeveM00000968779	27.273	319	3.79e-09	60.5	33
LGR5|mollusc|Pomacea_canaliculata|XP_025085505.1	dlaeveM00001003946	30.769	143	2.32e-10	65.5	16
LGR5|mollusc|Pomacea_canaliculata|XP_025085505.1	dlaeveM00001003946	34.694	98	1.04e-07	56.6	16
LGR5|mollusc|Pomacea_canaliculata|XP_025085505.1	dlaeveM00000968755	24.645	422	2.48e-10	64.3	33
LGR5|mollusc|Pomacea_canaliculata|XP_025085505.1	dlaeveM00000909571	24.623	398	2.77e-10	64.3	33
LGR5|mollusc|Pomacea_canaliculata|XP_025085505.1	dlaeveM00000909571	29.224	219	7.50e-07	53.1	33
LGR5|mollusc|Pomacea_canaliculata|XP_025085505.1	dlaeveM00000970766	25.588	340	2.93e-10	64.3	38
LGR5|mollusc|Pomacea_canaliculata|XP_025085505.1	dlaeveM00000970766	25.658	456	3.31e-09	60.8	38
LGR5|mollusc|Pomacea_canaliculata|XP_025085505.1	dlaeveM00000970937	23.516	455	3.21e-10	63.9	38
LGR5|mollusc|Pomacea_canaliculata|XP_025085505.1	dlaeveM00001638675	29.365	126	3.38e-10	61.2	29
LGR5|mollusc|Pomacea_canaliculata|XP_025085505.1	dlaeveM00001638675	29.808	104	3.35e-09	58.2	29
LGR5|mollusc|Pomacea_canaliculata|XP_025085505.1	dlaeveM00001638675	28.889	135	2.11e-08	55.8	29
LGR5|mollusc|Pomacea_canaliculata|XP_025085505.1	dlaeveM00001638675	33.333	123	4.37e-08	55.1	29
LGR5|mollusc|Pomacea_canaliculata|XP_025085505.1	dlaeveM00001638675	30.702	114	1.33e-06	50.4	29
LGR5|mollusc|Pomacea_canaliculata|XP_025085505.1	dlaeveM00000968695	27.363	402	6.00e-10	63.2	33
LGR5|mollusc|Pomacea_canaliculata|XP_025085505.1	dlaeveM00000909458	25.895	363	6.65e-10	62.8	31
LGR5|mollusc|Pomacea_canaliculata|XP_025085505.1	dlaeveM00000283930	25.598	418	7.75e-10	63.5	37
LGR5|mollusc|Pomacea_canaliculata|XP_025085505.1	dlaeveM00000283930	29.004	231	2.15e-07	55.5	37
LGR5|mollusc|Pomacea_canaliculata|XP_025085505.1	dlaeveM00000283930	25.240	416	9.32e-06	50.1	37
LGR5|mollusc|Pomacea_canaliculata|XP_025085505.1	dlaeveM00000971037	29.010	293	1.09e-09	62.0	24
LGR5|mollusc|Pomacea_canaliculata|XP_025085505.1	dlaeveM00000009450	30.872	149	1.17e-09	63.2	25
LGR5|mollusc|Pomacea_canaliculata|XP_025085505.1	dlaeveM00000009450	36.842	95	3.31e-07	55.1	25
LGR5|mollusc|Pomacea_canaliculata|XP_025085505.1	dlaeveM00000009450	33.333	99	1.02e-06	53.5	25
LGR5|mollusc|Pomacea_canaliculata|XP_025085505.1	dlaeveM00000970630	25.225	444	1.17e-09	62.4	39
LGR5|mollusc|Pomacea_canaliculata|XP_025085505.1	dlaeveM00000970971	25.828	302	1.41e-09	62.0	37
LGR5|mollusc|Pomacea_canaliculata|XP_025085505.1	dlaeveM00000970971	22.851	442	7.23e-06	50.1	37
LGR5|mollusc|Pomacea_canaliculata|XP_025085505.1	dlaeveM00000968731	25.000	436	1.49e-09	62.0	37
LGR5|mollusc|Pomacea_canaliculata|XP_025085505.1	dlaeveM00000578974	22.532	395	1.76e-09	62.0	39
LGR5|mollusc|Pomacea_canaliculata|XP_025085505.1	dlaeveM00000578974	25.686	401	3.41e-07	54.7	39
LGR5|mollusc|Pomacea_canaliculata|XP_025085505.1	dlaeveM00000968868	28.182	330	1.79e-09	61.2	34
LGR5|mollusc|Pomacea_canaliculata|XP_025085505.1	dlaeveM00000968868	28.458	253	2.72e-09	60.8	34
LGR5|mollusc|Pomacea_canaliculata|XP_025085505.1	dlaeveM00000968378	26.638	458	1.83e-09	61.6	38
LGR5|mollusc|Pomacea_canaliculata|XP_025085505.1	dlaeveM00000971108	26.974	304	2.48e-09	61.2	38
LGR5|mollusc|Pomacea_canaliculata|XP_025085505.1	dlaeveM00000971108	23.492	315	5.63e-07	53.5	38
LGR5|mollusc|Pomacea_canaliculata|XP_025085505.1	dlaeveM00000971108	26.022	269	1.33e-06	52.4	38
LGR5|mollusc|Pomacea_canaliculata|XP_025085505.1	dlaeveM00000971108	25.538	372	2.31e-06	51.6	38
LGR5|mollusc|Pomacea_canaliculata|XP_025085505.1	dlaeveM00000968536	25.000	304	2.72e-09	60.8	33
LGR5|mollusc|Pomacea_canaliculata|XP_025085505.1	dlaeveM00000968536	22.817	355	1.41e-08	58.9	33
LGR5|mollusc|Pomacea_canaliculata|XP_025085505.1	dlaeveM00000061967	24.919	309	2.86e-09	60.8	24
LGR5|mollusc|Pomacea_canaliculata|XP_025085505.1	dlaeveM00000909503	27.626	257	3.25e-09	60.1	32
LGR5|mollusc|Pomacea_canaliculata|XP_025085505.1	dlaeveM00000909503	28.390	236	1.31e-08	58.5	32
LGR5|mollusc|Pomacea_canaliculata|XP_025085505.1	dlaeveM00001633859	38.043	92	3.69e-09	55.5	8
LGR5|mollusc|Pomacea_canaliculata|XP_025085505.1	dlaeveM00001361367	28.251	223	4.02e-09	60.8	20
LGR5|mollusc|Pomacea_canaliculata|XP_025085505.1	dlaeveM00000970905	27.897	466	4.18e-09	60.5	41
LGR5|mollusc|Pomacea_canaliculata|XP_025085505.1	dlaeveM00000970905	24.870	386	1.13e-07	55.8	41
LGR5|mollusc|Pomacea_canaliculata|XP_025085505.1	dlaeveM00000968955	24.921	317	4.81e-09	60.5	31
LGR5|mollusc|Pomacea_canaliculata|XP_025085505.1	dlaeveM00000968955	27.055	292	4.85e-08	57.0	31
LGR5|mollusc|Pomacea_canaliculata|XP_025085505.1	dlaeveM00001636018	28.070	114	5.98e-09	57.0	27
LGR5|mollusc|Pomacea_canaliculata|XP_025085505.1	dlaeveM00001636018	30.556	108	1.62e-06	49.7	27
LGR5|mollusc|Pomacea_canaliculata|XP_025085505.1	dlaeveM00001636018	34.247	73	7.32e-06	47.8	27
LGR5|mollusc|Pomacea_canaliculata|XP_025085505.1	dlaeveM00001636018	34.259	108	9.08e-06	47.8	27
LGR5|mollusc|Pomacea_canaliculata|XP_025085505.1	dlaeveM00000968524	24.528	424	6.51e-09	59.7	38
LGR5|mollusc|Pomacea_canaliculata|XP_025085505.1	dlaeveM00000968524	28.959	221	4.34e-07	53.9	38
LGR5|mollusc|Pomacea_canaliculata|XP_025085505.1	dlaeveM00000871877	25.795	283	6.77e-09	59.3	35
LGR5|mollusc|Pomacea_canaliculata|XP_025085505.1	dlaeveM00000871877	28.444	225	1.08e-07	55.5	35
LGR5|mollusc|Pomacea_canaliculata|XP_025085505.1	dlaeveM00000969105	25.081	307	7.31e-09	59.7	32
LGR5|mollusc|Pomacea_canaliculata|XP_025085505.1	dlaeveM00000969105	26.846	298	3.03e-08	57.8	32
LGR5|mollusc|Pomacea_canaliculata|XP_025085505.1	dlaeveM00000968815	23.607	305	8.09e-09	59.7	32
LGR5|mollusc|Pomacea_canaliculata|XP_025085505.1	dlaeveM00000968815	23.355	304	2.46e-06	51.6	32
LGR5|mollusc|Pomacea_canaliculata|XP_025085505.1	dlaeveM00001241844	32.609	138	1.03e-08	59.7	12
LGR5|mollusc|Pomacea_canaliculata|XP_025085505.1	dlaeveM00001089560	27.225	191	1.15e-08	59.3	16
LGR5|mollusc|Pomacea_canaliculata|XP_025085505.1	dlaeveM00000909426	26.184	359	1.40e-08	58.5	35
LGR5|mollusc|Pomacea_canaliculata|XP_025085505.1	dlaeveM00000909426	30.396	227	2.85e-07	54.7	35
LGR5|mollusc|Pomacea_canaliculata|XP_025085505.1	dlaeveM00001581026	27.451	204	1.67e-08	58.9	18
LGR5|mollusc|Pomacea_canaliculata|XP_025085505.1	dlaeveM00001416670	29.878	164	1.69e-08	55.5	14
LGR5|mollusc|Pomacea_canaliculata|XP_025085505.1	dlaeveM00000968743	26.582	237	1.73e-08	58.5	31
LGR5|mollusc|Pomacea_canaliculata|XP_025085505.1	dlaeveM00000968743	23.733	375	5.15e-06	50.4	31
LGR5|mollusc|Pomacea_canaliculata|XP_025085505.1	dlaeveM00000549273	22.532	395	1.99e-08	58.2	28
LGR5|mollusc|Pomacea_canaliculata|XP_025085505.1	dlaeveM00001138548	31.169	231	3.61e-08	57.4	40
LGR5|mollusc|Pomacea_canaliculata|XP_025085505.1	dlaeveM00001138548	24.276	449	1.62e-07	55.1	40
LGR5|mollusc|Pomacea_canaliculata|XP_025085505.1	dlaeveM00000618143	26.172	256	4.03e-08	57.8	39
LGR5|mollusc|Pomacea_canaliculata|XP_025085505.1	dlaeveM00000618143	24.262	305	1.18e-06	52.8	39
LGR5|mollusc|Pomacea_canaliculata|XP_025085505.1	dlaeveM00000970754	22.850	407	5.13e-08	57.0	32
LGR5|mollusc|Pomacea_canaliculata|XP_025085505.1	dlaeveM00000971004	26.754	228	6.09e-08	56.6	18
LGR5|mollusc|Pomacea_canaliculata|XP_025085505.1	dlaeveM00001428551	25.048	519	8.15e-08	57.0	39
LGR5|mollusc|Pomacea_canaliculata|XP_025085505.1	dlaeveM00001428551	27.922	154	3.05e-06	51.6	39
LGR5|mollusc|Pomacea_canaliculata|XP_025085505.1	dlaeveM00000682199	24.793	363	9.29e-08	55.8	42
LGR5|mollusc|Pomacea_canaliculata|XP_025085505.1	dlaeveM00000682199	23.611	216	6.60e-06	49.7	42
LGR5|mollusc|Pomacea_canaliculata|XP_025085505.1	dlaeveM00000971132	26.403	303	9.62e-08	56.2	34
LGR5|mollusc|Pomacea_canaliculata|XP_025085505.1	dlaeveM00000971132	25.670	261	4.49e-06	50.8	34
LGR5|mollusc|Pomacea_canaliculata|XP_025085505.1	dlaeveM00000970983	26.693	251	1.20e-07	55.8	32
LGR5|mollusc|Pomacea_canaliculata|XP_025085505.1	dlaeveM00000970983	26.014	296	5.96e-07	53.5	32
LGR5|mollusc|Pomacea_canaliculata|XP_025085505.1	dlaeveM00000968457	23.529	408	1.34e-07	55.5	36
LGR5|mollusc|Pomacea_canaliculata|XP_025085505.1	dlaeveM00000909515	24.810	395	1.39e-07	55.5	32
LGR5|mollusc|Pomacea_canaliculata|XP_025085505.1	dlaeveM00001359975	22.739	387	1.65e-07	55.1	31
LGR5|mollusc|Pomacea_canaliculata|XP_025085505.1	dlaeveM00001191980	29.545	132	1.72e-07	55.5	12
LGR5|mollusc|Pomacea_canaliculata|XP_025085505.1	dlaeveM00000909438	26.184	359	1.90e-07	55.1	35
LGR5|mollusc|Pomacea_canaliculata|XP_025085505.1	dlaeveM00000909438	30.396	227	3.03e-07	54.3	35
LGR5|mollusc|Pomacea_canaliculata|XP_025085505.1	dlaeveM00000968433	23.182	440	1.95e-07	55.1	38
LGR5|mollusc|Pomacea_canaliculata|XP_025085505.1	dlaeveM00001203929	30.247	162	1.95e-07	53.9	15
LGR5|mollusc|Pomacea_canaliculata|XP_025085505.1	dlaeveM00000766286	40.336	119	2.17e-07	54.3	10
LGR5|mollusc|Pomacea_canaliculata|XP_025085505.1	dlaeveM00001117641	27.313	227	2.46e-07	54.3	32
LGR5|mollusc|Pomacea_canaliculata|XP_025085505.1	dlaeveM00001117641	25.339	221	1.10e-06	52.4	32
LGR5|mollusc|Pomacea_canaliculata|XP_025085505.1	dlaeveM00000909590	31.004	229	3.63e-07	54.3	38
LGR5|mollusc|Pomacea_canaliculata|XP_025085505.1	dlaeveM00000909590	23.161	367	3.17e-06	51.2	38
LGR5|mollusc|Pomacea_canaliculata|XP_025085505.1	dlaeveM00000909590	29.167	264	6.32e-06	50.1	38
LGR5|mollusc|Pomacea_canaliculata|XP_025085505.1	dlaeveM00001138574	23.229	353	5.55e-07	53.5	25
LGR5|mollusc|Pomacea_canaliculata|XP_025085505.1	dlaeveM00000968366	25.381	394	6.24e-07	53.5	36
LGR5|mollusc|Pomacea_canaliculata|XP_025085505.1	dlaeveM00000968366	25.455	275	6.86e-07	53.5	36
LGR5|mollusc|Pomacea_canaliculata|XP_025085505.1	dlaeveM00000993938	21.895	306	6.82e-07	53.1	24
LGR5|mollusc|Pomacea_canaliculata|XP_025085505.1	dlaeveM00000664694	30.126	239	7.23e-07	53.5	20
LGR5|mollusc|Pomacea_canaliculata|XP_025085505.1	dlaeveM00000162744	23.364	321	8.85e-07	52.8	26
LGR5|mollusc|Pomacea_canaliculata|XP_025085505.1	dlaeveM00000664645	29.921	254	1.16e-06	53.1	21
LGR5|mollusc|Pomacea_canaliculata|XP_025085505.1	dlaeveM00001356232	26.293	232	1.33e-06	52.8	20
LGR5|mollusc|Pomacea_canaliculata|XP_025085505.1	dlaeveM00000968354	25.685	292	1.50e-06	52.4	26
LGR5|mollusc|Pomacea_canaliculata|XP_025085505.1	dlaeveM00001492817	29.530	149	1.70e-06	52.8	13
LGR5|mollusc|Pomacea_canaliculata|XP_025085505.1	dlaeveM00001356195	25.688	218	2.11e-06	52.4	19
LGR5|mollusc|Pomacea_canaliculata|XP_025085505.1	dlaeveM00000019486	28.244	131	2.50e-06	51.6	12
LGR5|mollusc|Pomacea_canaliculata|XP_025085505.1	dlaeveM00000080251	28.221	163	2.81e-06	52.0	15
LGR5|mollusc|Pomacea_canaliculata|XP_025085505.1	dlaeveM00001317694	22.599	354	3.66e-06	50.8	28
LGR5|mollusc|Pomacea_canaliculata|XP_025085505.1	dlaeveM00000972392	29.858	211	4.03e-06	50.4	19
LGR5|mollusc|Pomacea_canaliculata|XP_025085505.1	dlaeveM00000070250	23.210	405	4.59e-06	51.2	34
LGR5|mollusc|Pomacea_canaliculata|XP_025085505.1	dlaeveM00001071920	24.903	257	4.66e-06	50.1	21
LGR5|mollusc|Pomacea_canaliculata|XP_025085505.1	dlaeveM00001378774	24.126	286	4.83e-06	50.1	24
LGR5|mollusc|Pomacea_canaliculata|XP_025085505.1	dlaeveM00001068977	28.216	241	9.81e-06	49.7	21
LGR5|mollusc|Pomacea_canaliculata|XP_025085505.1	dlaeveM00001241828	24.382	566	9.90e-06	50.1	39
LGR5|mollusc|Pomacea_canaliculata|XP_025085505.1	dlaeveM00001416685	39.189	74	9.94e-06	46.6	7
LGR5|mollusc|Bradybaena_similaris|BFZ05148.1	dlaeveM00000727719	83.243	925	0.0	1620	65
LGR5|mollusc|Bradybaena_similaris|BFZ05148.1	dlaeveM00000441839	56.571	1400	0.0	1446	97
LGR5|mollusc|Bradybaena_similaris|BFZ05148.1	dlaeveM00000308285	32.873	724	6.29e-100	346	45
LGR5|mollusc|Bradybaena_similaris|BFZ05148.1	dlaeveM00000308285	25.847	236	9.56e-14	76.6	45
LGR5|mollusc|Bradybaena_similaris|BFZ05148.1	dlaeveM00000132191	28.877	561	4.15e-57	216	60
LGR5|mollusc|Bradybaena_similaris|BFZ05148.1	dlaeveM00000132191	27.313	227	9.24e-12	70.1	60
LGR5|mollusc|Bradybaena_similaris|BFZ05148.1	dlaeveM00000132191	32.787	122	1.10e-10	66.6	60
LGR5|mollusc|Bradybaena_similaris|BFZ05148.1	dlaeveM00000132191	25.974	231	2.49e-10	65.5	60
LGR5|mollusc|Bradybaena_similaris|BFZ05148.1	dlaeveM00000132191	30.612	147	2.78e-10	65.5	60
LGR5|mollusc|Bradybaena_similaris|BFZ05148.1	dlaeveM00000132191	23.958	192	3.12e-09	62.0	60
LGR5|mollusc|Bradybaena_similaris|BFZ05148.1	dlaeveM00000351276	37.097	310	1.45e-45	179	54
LGR5|mollusc|Bradybaena_similaris|BFZ05148.1	dlaeveM00000351276	31.799	239	3.97e-19	94.0	54
LGR5|mollusc|Bradybaena_similaris|BFZ05148.1	dlaeveM00000351276	28.866	194	6.32e-10	63.9	54
LGR5|mollusc|Bradybaena_similaris|BFZ05148.1	dlaeveM00000351276	27.815	151	1.61e-07	56.2	54
LGR5|mollusc|Bradybaena_similaris|BFZ05148.1	dlaeveM00000351276	30.159	126	1.12e-06	53.5	54
LGR5|mollusc|Bradybaena_similaris|BFZ05148.1	dlaeveM00000351276	22.344	273	2.53e-06	52.4	54
LGR5|mollusc|Bradybaena_similaris|BFZ05148.1	dlaeveM00000134217	36.129	310	6.33e-45	177	51
LGR5|mollusc|Bradybaena_similaris|BFZ05148.1	dlaeveM00000134217	30.045	223	1.83e-14	79.0	51
LGR5|mollusc|Bradybaena_similaris|BFZ05148.1	dlaeveM00000134217	31.250	160	4.92e-11	67.8	51
LGR5|mollusc|Bradybaena_similaris|BFZ05148.1	dlaeveM00000134217	27.895	190	8.09e-09	60.5	51
LGR5|mollusc|Bradybaena_similaris|BFZ05148.1	dlaeveM00000134217	28.800	125	6.25e-06	51.2	51
LGR5|mollusc|Bradybaena_similaris|BFZ05148.1	dlaeveM00001470068	28.306	484	3.44e-40	157	40
LGR5|mollusc|Bradybaena_similaris|BFZ05148.1	dlaeveM00001470068	33.333	105	8.01e-06	50.4	40
LGR5|mollusc|Bradybaena_similaris|BFZ05148.1	dlaeveM00000612275	29.451	455	5.67e-38	155	31
LGR5|mollusc|Bradybaena_similaris|BFZ05148.1	dlaeveM00000612275	28.837	215	5.47e-15	80.9	31
LGR5|mollusc|Bradybaena_similaris|BFZ05148.1	dlaeveM00000727711	32.486	354	1.53e-36	142	21
LGR5|mollusc|Bradybaena_similaris|BFZ05148.1	dlaeveM00001510187	31.861	317	6.87e-34	142	21
LGR5|mollusc|Bradybaena_similaris|BFZ05148.1	dlaeveM00001450949	29.858	422	2.86e-32	137	29
LGR5|mollusc|Bradybaena_similaris|BFZ05148.1	dlaeveM00000690022	25.946	370	2.05e-29	127	32
LGR5|mollusc|Bradybaena_similaris|BFZ05148.1	dlaeveM00000690022	27.460	437	4.12e-27	120	32
LGR5|mollusc|Bradybaena_similaris|BFZ05148.1	dlaeveM00000690022	26.637	443	9.08e-27	119	32
LGR5|mollusc|Bradybaena_similaris|BFZ05148.1	dlaeveM00000690022	25.753	299	3.50e-16	84.7	32
LGR5|mollusc|Bradybaena_similaris|BFZ05148.1	dlaeveM00000690022	22.090	421	1.28e-15	82.8	32
LGR5|mollusc|Bradybaena_similaris|BFZ05148.1	dlaeveM00000690022	29.412	153	1.43e-11	69.7	32
LGR5|mollusc|Bradybaena_similaris|BFZ05148.1	dlaeveM00000690022	25.000	260	1.38e-07	56.6	32
LGR5|mollusc|Bradybaena_similaris|BFZ05148.1	dlaeveM00000690022	23.684	380	3.48e-06	52.0	32
LGR5|mollusc|Bradybaena_similaris|BFZ05148.1	dlaeveM00000759469	30.247	324	2.30e-29	127	33
LGR5|mollusc|Bradybaena_similaris|BFZ05148.1	dlaeveM00000759469	28.743	167	6.69e-07	54.3	33
LGR5|mollusc|Bradybaena_similaris|BFZ05148.1	dlaeveM00000693041	26.196	397	3.03e-28	123	33
LGR5|mollusc|Bradybaena_similaris|BFZ05148.1	dlaeveM00000693041	25.217	460	3.30e-26	116	33
LGR5|mollusc|Bradybaena_similaris|BFZ05148.1	dlaeveM00000693041	26.042	384	6.27e-19	93.2	33
LGR5|mollusc|Bradybaena_similaris|BFZ05148.1	dlaeveM00000693041	25.418	299	1.63e-18	92.0	33
LGR5|mollusc|Bradybaena_similaris|BFZ05148.1	dlaeveM00000232982	31.090	431	1.67e-27	120	31
LGR5|mollusc|Bradybaena_similaris|BFZ05148.1	dlaeveM00000232982	28.924	446	1.30e-23	108	31
LGR5|mollusc|Bradybaena_similaris|BFZ05148.1	dlaeveM00000232982	27.733	375	4.13e-17	87.4	31
LGR5|mollusc|Bradybaena_similaris|BFZ05148.1	dlaeveM00000232982	28.528	326	1.08e-07	56.6	31
LGR5|mollusc|Bradybaena_similaris|BFZ05148.1	dlaeveM00001477148	26.415	477	4.24e-27	120	33
LGR5|mollusc|Bradybaena_similaris|BFZ05148.1	dlaeveM00001477148	28.065	367	3.17e-21	101	33
LGR5|mollusc|Bradybaena_similaris|BFZ05148.1	dlaeveM00001477148	22.265	521	2.52e-17	88.6	33
LGR5|mollusc|Bradybaena_similaris|BFZ05148.1	dlaeveM00001477148	23.542	480	2.64e-13	75.5	33
LGR5|mollusc|Bradybaena_similaris|BFZ05148.1	dlaeveM00001477148	29.530	149	1.16e-10	66.6	33
LGR5|mollusc|Bradybaena_similaris|BFZ05148.1	dlaeveM00000467207	28.767	292	2.95e-26	117	19
LGR5|mollusc|Bradybaena_similaris|BFZ05148.1	dlaeveM00001121277	25.508	443	7.51e-26	114	32
LGR5|mollusc|Bradybaena_similaris|BFZ05148.1	dlaeveM00001121277	30.719	306	1.51e-21	100	32
LGR5|mollusc|Bradybaena_similaris|BFZ05148.1	dlaeveM00001121277	40.860	93	4.53e-06	51.2	32
LGR5|mollusc|Bradybaena_similaris|BFZ05148.1	dlaeveM00001121277	32.174	115	9.21e-06	50.1	32
LGR5|mollusc|Bradybaena_similaris|BFZ05148.1	dlaeveM00001419966	30.592	304	8.66e-26	115	20
LGR5|mollusc|Bradybaena_similaris|BFZ05148.1	dlaeveM00001418550	30.164	305	1.44e-25	115	20
LGR5|mollusc|Bradybaena_similaris|BFZ05148.1	dlaeveM00000974778	30.389	283	1.81e-25	114	19
LGR5|mollusc|Bradybaena_similaris|BFZ05148.1	dlaeveM00000238118	27.073	410	5.20e-25	113	31
LGR5|mollusc|Bradybaena_similaris|BFZ05148.1	dlaeveM00000238118	29.524	315	2.00e-18	92.0	31
LGR5|mollusc|Bradybaena_similaris|BFZ05148.1	dlaeveM00000238118	31.313	198	5.17e-12	71.2	31
LGR5|mollusc|Bradybaena_similaris|BFZ05148.1	dlaeveM00000238118	33.190	232	8.55e-11	67.0	31
LGR5|mollusc|Bradybaena_similaris|BFZ05148.1	dlaeveM00001419982	30.164	305	6.05e-25	113	20
LGR5|mollusc|Bradybaena_similaris|BFZ05148.1	dlaeveM00001421674	29.530	298	2.81e-24	111	20
LGR5|mollusc|Bradybaena_similaris|BFZ05148.1	dlaeveM00001414694	31.293	294	8.03e-24	109	20
LGR5|mollusc|Bradybaena_similaris|BFZ05148.1	dlaeveM00000513493	28.440	436	3.50e-23	107	32
LGR5|mollusc|Bradybaena_similaris|BFZ05148.1	dlaeveM00000513493	25.904	332	6.75e-14	77.4	32
LGR5|mollusc|Bradybaena_similaris|BFZ05148.1	dlaeveM00000029360	27.376	442	4.17e-23	107	31
LGR5|mollusc|Bradybaena_similaris|BFZ05148.1	dlaeveM00000029360	26.366	421	2.17e-17	88.6	31
LGR5|mollusc|Bradybaena_similaris|BFZ05148.1	dlaeveM00000029360	26.005	373	2.79e-16	85.1	31
LGR5|mollusc|Bradybaena_similaris|BFZ05148.1	dlaeveM00000029360	27.848	316	5.42e-13	74.3	31
LGR5|mollusc|Bradybaena_similaris|BFZ05148.1	dlaeveM00000029360	25.702	463	8.13e-13	73.9	31
LGR5|mollusc|Bradybaena_similaris|BFZ05148.1	dlaeveM00000029360	36.842	114	1.99e-12	72.4	31
LGR5|mollusc|Bradybaena_similaris|BFZ05148.1	dlaeveM00001625922	25.169	445	1.16e-22	104	31
LGR5|mollusc|Bradybaena_similaris|BFZ05148.1	dlaeveM00001421763	29.545	308	1.35e-22	105	20
LGR5|mollusc|Bradybaena_similaris|BFZ05148.1	dlaeveM00001017605	26.697	442	2.83e-22	104	31
LGR5|mollusc|Bradybaena_similaris|BFZ05148.1	dlaeveM00001017605	24.766	428	4.87e-18	90.9	31
LGR5|mollusc|Bradybaena_similaris|BFZ05148.1	dlaeveM00001017605	27.733	375	5.77e-18	90.9	31
LGR5|mollusc|Bradybaena_similaris|BFZ05148.1	dlaeveM00001017605	26.442	416	6.46e-17	87.4	31
LGR5|mollusc|Bradybaena_similaris|BFZ05148.1	dlaeveM00001017605	26.301	365	2.12e-14	79.0	31
LGR5|mollusc|Bradybaena_similaris|BFZ05148.1	dlaeveM00001017605	33.333	114	3.45e-10	65.1	31
LGR5|mollusc|Bradybaena_similaris|BFZ05148.1	dlaeveM00001017605	24.277	346	2.45e-09	62.4	31
LGR5|mollusc|Bradybaena_similaris|BFZ05148.1	dlaeveM00001017605	34.579	107	5.79e-08	57.8	31
LGR5|mollusc|Bradybaena_similaris|BFZ05148.1	dlaeveM00000455829	26.151	478	2.91e-22	103	33
LGR5|mollusc|Bradybaena_similaris|BFZ05148.1	dlaeveM00000455829	27.160	324	3.18e-18	90.5	33
LGR5|mollusc|Bradybaena_similaris|BFZ05148.1	dlaeveM00000455829	26.027	292	7.85e-13	73.2	33
LGR5|mollusc|Bradybaena_similaris|BFZ05148.1	dlaeveM00000968645	27.434	452	8.57e-22	100	31
LGR5|mollusc|Bradybaena_similaris|BFZ05148.1	dlaeveM00001412256	30.035	283	9.65e-22	102	19
LGR5|mollusc|Bradybaena_similaris|BFZ05148.1	dlaeveM00000969075	28.667	450	1.16e-21	100	31
LGR5|mollusc|Bradybaena_similaris|BFZ05148.1	dlaeveM00000719835	27.778	324	1.56e-21	100	32
LGR5|mollusc|Bradybaena_similaris|BFZ05148.1	dlaeveM00000719835	28.732	355	4.82e-19	93.2	32
LGR5|mollusc|Bradybaena_similaris|BFZ05148.1	dlaeveM00000719835	24.888	446	1.09e-17	89.0	32
LGR5|mollusc|Bradybaena_similaris|BFZ05148.1	dlaeveM00001147889	23.736	455	2.05e-21	101	33
LGR5|mollusc|Bradybaena_similaris|BFZ05148.1	dlaeveM00001147889	29.758	289	1.35e-19	95.1	33
LGR5|mollusc|Bradybaena_similaris|BFZ05148.1	dlaeveM00001147889	25.344	363	1.06e-18	92.4	33
LGR5|mollusc|Bradybaena_similaris|BFZ05148.1	dlaeveM00000969052	28.635	447	6.66e-21	98.6	31
LGR5|mollusc|Bradybaena_similaris|BFZ05148.1	dlaeveM00000969052	28.063	253	2.46e-06	52.0	31
LGR5|mollusc|Bradybaena_similaris|BFZ05148.1	dlaeveM00001425406	24.111	506	4.06e-20	97.4	30
LGR5|mollusc|Bradybaena_similaris|BFZ05148.1	dlaeveM00000968791	28.571	462	5.02e-20	95.5	38
LGR5|mollusc|Bradybaena_similaris|BFZ05148.1	dlaeveM00000968791	25.055	451	8.92e-11	66.2	38
LGR5|mollusc|Bradybaena_similaris|BFZ05148.1	dlaeveM00000851947	25.104	482	5.24e-20	96.7	32
LGR5|mollusc|Bradybaena_similaris|BFZ05148.1	dlaeveM00000851947	27.132	258	1.51e-12	72.4	32
LGR5|mollusc|Bradybaena_similaris|BFZ05148.1	dlaeveM00000968876	27.679	448	6.15e-20	95.1	31
LGR5|mollusc|Bradybaena_similaris|BFZ05148.1	dlaeveM00000945767	24.405	504	1.19e-19	95.9	31
LGR5|mollusc|Bradybaena_similaris|BFZ05148.1	dlaeveM00000945767	24.758	517	2.23e-19	95.1	31
LGR5|mollusc|Bradybaena_similaris|BFZ05148.1	dlaeveM00000945767	29.457	129	2.13e-08	59.3	31
LGR5|mollusc|Bradybaena_similaris|BFZ05148.1	dlaeveM00000898725	29.221	308	1.04e-18	92.0	32
LGR5|mollusc|Bradybaena_similaris|BFZ05148.1	dlaeveM00000898725	24.272	412	1.31e-14	79.0	32
LGR5|mollusc|Bradybaena_similaris|BFZ05148.1	dlaeveM00000898725	24.453	274	4.08e-07	54.7	32
LGR5|mollusc|Bradybaena_similaris|BFZ05148.1	dlaeveM00001291240	25.124	402	1.54e-18	92.4	24
LGR5|mollusc|Bradybaena_similaris|BFZ05148.1	dlaeveM00000349760	24.607	573	1.79e-18	91.7	32
LGR5|mollusc|Bradybaena_similaris|BFZ05148.1	dlaeveM00000349760	26.970	330	5.31e-09	60.8	32
LGR5|mollusc|Bradybaena_similaris|BFZ05148.1	dlaeveM00000349760	26.765	340	1.78e-06	52.8	32
LGR5|mollusc|Bradybaena_similaris|BFZ05148.1	dlaeveM00000349760	25.957	235	6.97e-06	50.8	32
LGR5|mollusc|Bradybaena_similaris|BFZ05148.1	dlaeveM00000968400	26.230	427	1.85e-18	90.5	30
LGR5|mollusc|Bradybaena_similaris|BFZ05148.1	dlaeveM00000968921	27.679	448	3.22e-18	89.7	31
LGR5|mollusc|Bradybaena_similaris|BFZ05148.1	dlaeveM00000968921	24.545	330	9.36e-09	59.7	31
LGR5|mollusc|Bradybaena_similaris|BFZ05148.1	dlaeveM00001416987	26.124	356	4.58e-18	89.0	22
LGR5|mollusc|Bradybaena_similaris|BFZ05148.1	dlaeveM00001225627	25.097	514	7.95e-18	89.7	32
LGR5|mollusc|Bradybaena_similaris|BFZ05148.1	dlaeveM00001225627	27.411	394	8.30e-15	79.7	32
LGR5|mollusc|Bradybaena_similaris|BFZ05148.1	dlaeveM00001225627	23.729	472	1.09e-12	73.2	32
LGR5|mollusc|Bradybaena_similaris|BFZ05148.1	dlaeveM00001225627	24.540	489	2.62e-12	71.6	32
LGR5|mollusc|Bradybaena_similaris|BFZ05148.1	dlaeveM00001459418	22.363	474	1.01e-17	89.4	29
LGR5|mollusc|Bradybaena_similaris|BFZ05148.1	dlaeveM00000968467	27.176	471	1.10e-17	88.2	32
LGR5|mollusc|Bradybaena_similaris|BFZ05148.1	dlaeveM00001428551	27.799	518	1.16e-17	89.4	31
LGR5|mollusc|Bradybaena_similaris|BFZ05148.1	dlaeveM00000968966	25.806	465	1.67e-17	87.4	32
LGR5|mollusc|Bradybaena_similaris|BFZ05148.1	dlaeveM00000968888	27.146	431	1.94e-17	87.4	29
LGR5|mollusc|Bradybaena_similaris|BFZ05148.1	dlaeveM00000968827	27.235	481	2.05e-17	87.8	32
LGR5|mollusc|Bradybaena_similaris|BFZ05148.1	dlaeveM00000968827	25.484	310	1.84e-13	75.1	32
LGR5|mollusc|Bradybaena_similaris|BFZ05148.1	dlaeveM00000968827	26.855	283	1.55e-08	59.3	32
LGR5|mollusc|Bradybaena_similaris|BFZ05148.1	dlaeveM00000643398	27.885	312	2.66e-17	88.6	36
LGR5|mollusc|Bradybaena_similaris|BFZ05148.1	dlaeveM00000643398	27.670	412	2.88e-15	81.6	36
LGR5|mollusc|Bradybaena_similaris|BFZ05148.1	dlaeveM00000643398	25.714	455	5.40e-12	71.2	36
LGR5|mollusc|Bradybaena_similaris|BFZ05148.1	dlaeveM00000643398	23.358	411	4.44e-10	64.7	36
LGR5|mollusc|Bradybaena_similaris|BFZ05148.1	dlaeveM00000643398	22.400	250	1.15e-08	60.1	36
LGR5|mollusc|Bradybaena_similaris|BFZ05148.1	dlaeveM00000643398	30.469	128	4.96e-06	51.6	36
LGR5|mollusc|Bradybaena_similaris|BFZ05148.1	dlaeveM00000968622	27.679	448	2.77e-17	86.7	30
LGR5|mollusc|Bradybaena_similaris|BFZ05148.1	dlaeveM00000968622	29.218	243	1.56e-09	62.4	30
LGR5|mollusc|Bradybaena_similaris|BFZ05148.1	dlaeveM00000969014	27.586	464	2.87e-17	87.0	31
LGR5|mollusc|Bradybaena_similaris|BFZ05148.1	dlaeveM00000968803	28.538	431	3.38e-17	86.7	31
LGR5|mollusc|Bradybaena_similaris|BFZ05148.1	dlaeveM00000968803	26.168	321	2.87e-10	64.7	31
LGR5|mollusc|Bradybaena_similaris|BFZ05148.1	dlaeveM00000968445	27.489	462	3.43e-17	86.7	31
LGR5|mollusc|Bradybaena_similaris|BFZ05148.1	dlaeveM00001342754	25.227	440	5.03e-17	86.3	29
LGR5|mollusc|Bradybaena_similaris|BFZ05148.1	dlaeveM00001342754	24.123	228	1.05e-08	59.7	29
LGR5|mollusc|Bradybaena_similaris|BFZ05148.1	dlaeveM00000971120	25.566	442	5.41e-17	85.9	30
LGR5|mollusc|Bradybaena_similaris|BFZ05148.1	dlaeveM00000970721	26.349	482	6.48e-17	85.5	33
LGR5|mollusc|Bradybaena_similaris|BFZ05148.1	dlaeveM00000970721	24.715	263	6.06e-10	63.5	33
LGR5|mollusc|Bradybaena_similaris|BFZ05148.1	dlaeveM00000972376	28.455	369	1.07e-16	84.3	30
LGR5|mollusc|Bradybaena_similaris|BFZ05148.1	dlaeveM00000972376	26.774	310	2.30e-09	61.2	30
LGR5|mollusc|Bradybaena_similaris|BFZ05148.1	dlaeveM00000970676	24.008	504	1.28e-16	84.7	35
LGR5|mollusc|Bradybaena_similaris|BFZ05148.1	dlaeveM00001350907	28.148	405	1.49e-16	85.1	30
LGR5|mollusc|Bradybaena_similaris|BFZ05148.1	dlaeveM00001350907	24.711	433	1.72e-13	75.5	30
LGR5|mollusc|Bradybaena_similaris|BFZ05148.1	dlaeveM00001350907	26.879	346	5.85e-08	57.4	30
LGR5|mollusc|Bradybaena_similaris|BFZ05148.1	dlaeveM00000349821	26.087	460	1.51e-16	85.5	32
LGR5|mollusc|Bradybaena_similaris|BFZ05148.1	dlaeveM00000349821	27.518	407	6.54e-16	83.6	32
LGR5|mollusc|Bradybaena_similaris|BFZ05148.1	dlaeveM00000349821	26.492	419	8.20e-14	76.6	32
LGR5|mollusc|Bradybaena_similaris|BFZ05148.1	dlaeveM00000349821	26.837	313	4.44e-13	74.3	32
LGR5|mollusc|Bradybaena_similaris|BFZ05148.1	dlaeveM00000349821	25.429	350	1.93e-06	52.8	32
LGR5|mollusc|Bradybaena_similaris|BFZ05148.1	dlaeveM00000643317	27.198	364	1.51e-16	85.9	31
LGR5|mollusc|Bradybaena_similaris|BFZ05148.1	dlaeveM00000643317	24.565	460	3.38e-09	62.0	31
LGR5|mollusc|Bradybaena_similaris|BFZ05148.1	dlaeveM00000643317	26.590	173	1.80e-08	59.7	31
LGR5|mollusc|Bradybaena_similaris|BFZ05148.1	dlaeveM00000325309	25.873	487	1.72e-16	85.5	32
LGR5|mollusc|Bradybaena_similaris|BFZ05148.1	dlaeveM00000971014	28.049	328	2.45e-16	82.4	23
LGR5|mollusc|Bradybaena_similaris|BFZ05148.1	dlaeveM00000970828	28.516	256	2.50e-16	84.0	31
LGR5|mollusc|Bradybaena_similaris|BFZ05148.1	dlaeveM00000970828	23.830	470	2.29e-11	68.2	31
LGR5|mollusc|Bradybaena_similaris|BFZ05148.1	dlaeveM00000968500	26.154	325	4.14e-16	83.2	30
LGR5|mollusc|Bradybaena_similaris|BFZ05148.1	dlaeveM00000968500	26.047	430	3.83e-14	77.0	30
LGR5|mollusc|Bradybaena_similaris|BFZ05148.1	dlaeveM00000968705	26.374	455	4.69e-16	82.8	33
LGR5|mollusc|Bradybaena_similaris|BFZ05148.1	dlaeveM00000968705	25.378	331	3.85e-10	64.3	33
LGR5|mollusc|Bradybaena_similaris|BFZ05148.1	dlaeveM00000740136	28.530	347	5.04e-16	84.0	31
LGR5|mollusc|Bradybaena_similaris|BFZ05148.1	dlaeveM00000740136	24.378	402	3.59e-12	71.6	31
LGR5|mollusc|Bradybaena_similaris|BFZ05148.1	dlaeveM00000130879	28.117	377	6.48e-16	84.0	29
LGR5|mollusc|Bradybaena_similaris|BFZ05148.1	dlaeveM00000130879	26.700	397	8.14e-15	80.5	29
LGR5|mollusc|Bradybaena_similaris|BFZ05148.1	dlaeveM00000130879	27.055	292	6.26e-11	67.8	29
LGR5|mollusc|Bradybaena_similaris|BFZ05148.1	dlaeveM00000909458	26.620	432	7.69e-16	82.0	30
LGR5|mollusc|Bradybaena_similaris|BFZ05148.1	dlaeveM00000909458	25.397	378	4.31e-10	63.9	30
LGR5|mollusc|Bradybaena_similaris|BFZ05148.1	dlaeveM00000970905	24.605	443	1.12e-15	82.0	31
LGR5|mollusc|Bradybaena_similaris|BFZ05148.1	dlaeveM00000969105	27.891	441	1.23e-15	81.6	31
LGR5|mollusc|Bradybaena_similaris|BFZ05148.1	dlaeveM00000969105	28.137	263	5.57e-07	53.9	31
LGR5|mollusc|Bradybaena_similaris|BFZ05148.1	dlaeveM00000959596	23.810	357	1.50e-15	80.9	22
LGR5|mollusc|Bradybaena_similaris|BFZ05148.1	dlaeveM00000970937	26.087	460	2.66e-15	80.5	32
LGR5|mollusc|Bradybaena_similaris|BFZ05148.1	dlaeveM00000968731	27.842	431	2.89e-15	80.5	30
LGR5|mollusc|Bradybaena_similaris|BFZ05148.1	dlaeveM00001282449	23.770	488	3.07e-15	80.9	29
LGR5|mollusc|Bradybaena_similaris|BFZ05148.1	dlaeveM00001282449	31.210	157	2.46e-06	52.0	29
LGR5|mollusc|Bradybaena_similaris|BFZ05148.1	dlaeveM00001282449	29.940	167	4.21e-06	51.2	29
LGR5|mollusc|Bradybaena_similaris|BFZ05148.1	dlaeveM00001282449	24.815	270	4.75e-06	51.2	29
LGR5|mollusc|Bradybaena_similaris|BFZ05148.1	dlaeveM00000970642	25.481	416	5.19e-15	79.7	27
LGR5|mollusc|Bradybaena_similaris|BFZ05148.1	dlaeveM00000970642	28.475	295	4.27e-11	67.4	27
LGR5|mollusc|Bradybaena_similaris|BFZ05148.1	dlaeveM00000968354	26.812	414	5.33e-15	79.7	27
LGR5|mollusc|Bradybaena_similaris|BFZ05148.1	dlaeveM00000968719	27.033	455	5.82e-15	79.3	31
LGR5|mollusc|Bradybaena_similaris|BFZ05148.1	dlaeveM00000968719	26.453	344	7.82e-11	66.2	31
LGR5|mollusc|Bradybaena_similaris|BFZ05148.1	dlaeveM00000643374	28.674	279	6.09e-15	80.1	28
LGR5|mollusc|Bradybaena_similaris|BFZ05148.1	dlaeveM00000643374	26.335	281	2.28e-09	62.0	28
LGR5|mollusc|Bradybaena_similaris|BFZ05148.1	dlaeveM00000643374	25.698	358	2.32e-09	62.0	28
LGR5|mollusc|Bradybaena_similaris|BFZ05148.1	dlaeveM00000643374	25.225	333	3.14e-06	51.6	28
LGR5|mollusc|Bradybaena_similaris|BFZ05148.1	dlaeveM00000643340	27.198	364	7.16e-15	80.5	33
LGR5|mollusc|Bradybaena_similaris|BFZ05148.1	dlaeveM00000643340	25.714	490	2.43e-13	75.5	33
LGR5|mollusc|Bradybaena_similaris|BFZ05148.1	dlaeveM00000643340	25.166	302	5.31e-12	71.2	33
LGR5|mollusc|Bradybaena_similaris|BFZ05148.1	dlaeveM00000643340	27.459	244	7.66e-09	60.8	33
LGR5|mollusc|Bradybaena_similaris|BFZ05148.1	dlaeveM00000643340	26.590	173	3.44e-08	58.5	33
LGR5|mollusc|Bradybaena_similaris|BFZ05148.1	dlaeveM00000968779	28.571	371	7.91e-15	79.0	33
LGR5|mollusc|Bradybaena_similaris|BFZ05148.1	dlaeveM00000968779	25.000	356	2.61e-13	73.9	33
LGR5|mollusc|Bradybaena_similaris|BFZ05148.1	dlaeveM00000968779	28.049	246	1.53e-06	52.4	33
LGR5|mollusc|Bradybaena_similaris|BFZ05148.1	dlaeveM00001329663	22.518	413	1.13e-14	79.0	26
LGR5|mollusc|Bradybaena_similaris|BFZ05148.1	dlaeveM00000618987	27.755	245	1.31e-14	79.7	27
LGR5|mollusc|Bradybaena_similaris|BFZ05148.1	dlaeveM00000618987	22.014	427	1.13e-10	66.6	27
LGR5|mollusc|Bradybaena_similaris|BFZ05148.1	dlaeveM00000968559	26.327	452	1.61e-14	78.2	31
LGR5|mollusc|Bradybaena_similaris|BFZ05148.1	dlaeveM00001324215	25.727	447	2.05e-14	77.8	30
LGR5|mollusc|Bradybaena_similaris|BFZ05148.1	dlaeveM00000968536	26.710	307	2.56e-14	77.4	25
LGR5|mollusc|Bradybaena_similaris|BFZ05148.1	dlaeveM00000968536	26.562	256	5.06e-08	57.4	25
LGR5|mollusc|Bradybaena_similaris|BFZ05148.1	dlaeveM00000297524	22.968	283	4.19e-14	77.4	19
LGR5|mollusc|Bradybaena_similaris|BFZ05148.1	dlaeveM00000968695	26.389	432	4.69e-14	76.6	30
LGR5|mollusc|Bradybaena_similaris|BFZ05148.1	dlaeveM00001138560	25.434	346	5.41e-14	76.3	32
LGR5|mollusc|Bradybaena_similaris|BFZ05148.1	dlaeveM00001138560	27.350	351	2.22e-09	61.6	32
LGR5|mollusc|Bradybaena_similaris|BFZ05148.1	dlaeveM00000209779	30.325	277	5.87e-14	77.4	32
LGR5|mollusc|Bradybaena_similaris|BFZ05148.1	dlaeveM00000209779	28.981	314	3.19e-11	68.6	32
LGR5|mollusc|Bradybaena_similaris|BFZ05148.1	dlaeveM00000209779	26.786	280	2.60e-09	62.0	32
LGR5|mollusc|Bradybaena_similaris|BFZ05148.1	dlaeveM00000970630	24.609	447	7.48e-14	75.9	31
LGR5|mollusc|Bradybaena_similaris|BFZ05148.1	dlaeveM00000970630	25.862	290	2.00e-11	68.2	31
LGR5|mollusc|Bradybaena_similaris|BFZ05148.1	dlaeveM00000643392	29.286	280	7.81e-14	76.6	31
LGR5|mollusc|Bradybaena_similaris|BFZ05148.1	dlaeveM00000643392	23.901	523	4.15e-10	64.7	31
LGR5|mollusc|Bradybaena_similaris|BFZ05148.1	dlaeveM00000636100	24.703	421	8.46e-14	76.3	32
LGR5|mollusc|Bradybaena_similaris|BFZ05148.1	dlaeveM00000636100	29.187	209	1.94e-10	65.5	32
LGR5|mollusc|Bradybaena_similaris|BFZ05148.1	dlaeveM00000636100	25.175	286	3.11e-10	64.7	32
LGR5|mollusc|Bradybaena_similaris|BFZ05148.1	dlaeveM00000636100	26.374	273	1.32e-09	62.8	32
LGR5|mollusc|Bradybaena_similaris|BFZ05148.1	dlaeveM00000970766	29.839	372	1.50e-13	75.1	28
LGR5|mollusc|Bradybaena_similaris|BFZ05148.1	dlaeveM00000970766	26.047	430	1.40e-10	65.5	28
LGR5|mollusc|Bradybaena_similaris|BFZ05148.1	dlaeveM00001343822	25.243	309	1.62e-13	74.7	20
LGR5|mollusc|Bradybaena_similaris|BFZ05148.1	dlaeveM00000970992	26.350	463	1.79e-13	74.7	31
LGR5|mollusc|Bradybaena_similaris|BFZ05148.1	dlaeveM00000970853	26.331	357	1.93e-13	74.3	30
LGR5|mollusc|Bradybaena_similaris|BFZ05148.1	dlaeveM00000970853	24.675	308	3.49e-07	54.7	30
LGR5|mollusc|Bradybaena_similaris|BFZ05148.1	dlaeveM00000968767	26.316	456	2.32e-13	74.3	31
LGR5|mollusc|Bradybaena_similaris|BFZ05148.1	dlaeveM00001138548	25.723	346	2.40e-13	73.9	31
LGR5|mollusc|Bradybaena_similaris|BFZ05148.1	dlaeveM00001138548	31.100	209	3.51e-10	63.9	31
LGR5|mollusc|Bradybaena_similaris|BFZ05148.1	dlaeveM00001138548	25.294	340	3.77e-07	54.3	31
LGR5|mollusc|Bradybaena_similaris|BFZ05148.1	dlaeveM00001415058	23.445	418	2.46e-13	74.3	27
LGR5|mollusc|Bradybaena_similaris|BFZ05148.1	dlaeveM00000970860	23.894	452	3.16e-13	73.9	30
LGR5|mollusc|Bradybaena_similaris|BFZ05148.1	dlaeveM00000970860	27.622	286	1.25e-12	72.0	30
LGR5|mollusc|Bradybaena_similaris|BFZ05148.1	dlaeveM00000876826	25.203	492	3.25e-13	75.1	32
LGR5|mollusc|Bradybaena_similaris|BFZ05148.1	dlaeveM00000876826	27.881	269	6.06e-10	64.3	32
LGR5|mollusc|Bradybaena_similaris|BFZ05148.1	dlaeveM00000876826	25.680	331	7.24e-10	64.3	32
LGR5|mollusc|Bradybaena_similaris|BFZ05148.1	dlaeveM00000970754	26.948	308	3.88e-13	73.6	31
LGR5|mollusc|Bradybaena_similaris|BFZ05148.1	dlaeveM00000970754	22.717	449	3.39e-09	61.2	31
LGR5|mollusc|Bradybaena_similaris|BFZ05148.1	dlaeveM00000970754	24.498	249	7.20e-08	57.0	31
LGR5|mollusc|Bradybaena_similaris|BFZ05148.1	dlaeveM00000871877	28.731	268	5.11e-13	72.4	25
LGR5|mollusc|Bradybaena_similaris|BFZ05148.1	dlaeveM00000871877	28.279	244	6.80e-11	65.9	25
LGR5|mollusc|Bradybaena_similaris|BFZ05148.1	dlaeveM00000909590	25.517	435	5.42e-13	73.2	31
LGR5|mollusc|Bradybaena_similaris|BFZ05148.1	dlaeveM00000909590	27.151	372	1.81e-10	65.1	31
LGR5|mollusc|Bradybaena_similaris|BFZ05148.1	dlaeveM00000307614	24.101	473	6.13e-13	73.9	29
LGR5|mollusc|Bradybaena_similaris|BFZ05148.1	dlaeveM00000970983	25.858	437	9.64e-13	72.4	31
LGR5|mollusc|Bradybaena_similaris|BFZ05148.1	dlaeveM00000970983	23.162	272	4.26e-06	51.2	31
LGR5|mollusc|Bradybaena_similaris|BFZ05148.1	dlaeveM00000909571	25.788	349	1.05e-12	72.4	30
LGR5|mollusc|Bradybaena_similaris|BFZ05148.1	dlaeveM00000909571	26.744	430	3.12e-11	67.4	30
LGR5|mollusc|Bradybaena_similaris|BFZ05148.1	dlaeveM00001319135	25.909	440	1.35e-12	73.2	33
LGR5|mollusc|Bradybaena_similaris|BFZ05148.1	dlaeveM00001319135	25.077	323	8.59e-07	53.9	33
LGR5|mollusc|Bradybaena_similaris|BFZ05148.1	dlaeveM00000549273	22.302	417	1.43e-12	72.0	24
LGR5|mollusc|Bradybaena_similaris|BFZ05148.1	dlaeveM00000968815	23.272	434	1.52e-12	72.0	30
LGR5|mollusc|Bradybaena_similaris|BFZ05148.1	dlaeveM00000968815	30.252	238	2.69e-06	52.0	30
LGR5|mollusc|Bradybaena_similaris|BFZ05148.1	dlaeveM00000780174	27.928	333	2.61e-12	71.6	27
LGR5|mollusc|Bradybaena_similaris|BFZ05148.1	dlaeveM00000780174	25.882	170	5.77e-07	54.3	27
LGR5|mollusc|Bradybaena_similaris|BFZ05148.1	dlaeveM00000968366	26.802	444	3.19e-12	70.9	31
LGR5|mollusc|Bradybaena_similaris|BFZ05148.1	dlaeveM00000968743	27.273	462	3.24e-12	70.9	31
LGR5|mollusc|Bradybaena_similaris|BFZ05148.1	dlaeveM00000968423	24.236	458	4.62e-12	70.1	31
LGR5|mollusc|Bradybaena_similaris|BFZ05148.1	dlaeveM00000909610	29.568	301	4.81e-12	70.1	19
LGR5|mollusc|Bradybaena_similaris|BFZ05148.1	dlaeveM00000968955	22.759	435	6.00e-12	70.1	30
LGR5|mollusc|Bradybaena_similaris|BFZ05148.1	dlaeveM00000968488	31.561	301	6.11e-12	70.1	30
LGR5|mollusc|Bradybaena_similaris|BFZ05148.1	dlaeveM00000968488	23.007	439	5.12e-11	67.0	30
LGR5|mollusc|Bradybaena_similaris|BFZ05148.1	dlaeveM00000909527	25.886	367	6.55e-12	70.1	30
LGR5|mollusc|Bradybaena_similaris|BFZ05148.1	dlaeveM00000909527	24.146	439	1.19e-11	69.3	30
LGR5|mollusc|Bradybaena_similaris|BFZ05148.1	dlaeveM00000825030	21.799	289	6.60e-12	70.1	19
LGR5|mollusc|Bradybaena_similaris|BFZ05148.1	dlaeveM00000968512	25.751	466	6.67e-12	69.7	31
LGR5|mollusc|Bradybaena_similaris|BFZ05148.1	dlaeveM00000968512	24.803	254	2.52e-06	52.0	31
LGR5|mollusc|Bradybaena_similaris|BFZ05148.1	dlaeveM00000968755	25.682	440	7.40e-12	69.7	30
LGR5|mollusc|Bradybaena_similaris|BFZ05148.1	dlaeveM00001416670	27.869	183	1.10e-11	65.1	12
LGR5|mollusc|Bradybaena_similaris|BFZ05148.1	dlaeveM00000909470	27.841	352	1.14e-11	68.9	30
LGR5|mollusc|Bradybaena_similaris|BFZ05148.1	dlaeveM00000909470	24.538	379	4.52e-10	63.9	30
LGR5|mollusc|Bradybaena_similaris|BFZ05148.1	dlaeveM00001638675	27.632	152	1.67e-11	65.5	25
LGR5|mollusc|Bradybaena_similaris|BFZ05148.1	dlaeveM00001638675	34.314	102	1.41e-10	62.8	25
LGR5|mollusc|Bradybaena_similaris|BFZ05148.1	dlaeveM00001638675	36.893	103	7.25e-09	57.8	25
LGR5|mollusc|Bradybaena_similaris|BFZ05148.1	dlaeveM00001638675	34.426	122	3.63e-08	55.5	25
LGR5|mollusc|Bradybaena_similaris|BFZ05148.1	dlaeveM00001638675	34.579	107	4.79e-06	49.3	25
LGR5|mollusc|Bradybaena_similaris|BFZ05148.1	dlaeveM00000971132	25.185	405	3.04e-11	67.8	26
LGR5|mollusc|Bradybaena_similaris|BFZ05148.1	dlaeveM00000968845	23.094	459	3.37e-11	67.4	30
LGR5|mollusc|Bradybaena_similaris|BFZ05148.1	dlaeveM00000970743	23.232	396	4.14e-11	67.4	27
LGR5|mollusc|Bradybaena_similaris|BFZ05148.1	dlaeveM00000970743	25.896	251	4.47e-11	67.0	27
LGR5|mollusc|Bradybaena_similaris|BFZ05148.1	dlaeveM00001514565	31.690	142	5.57e-11	67.4	20
LGR5|mollusc|Bradybaena_similaris|BFZ05148.1	dlaeveM00001514565	31.496	127	7.90e-09	60.5	20
LGR5|mollusc|Bradybaena_similaris|BFZ05148.1	dlaeveM00001514565	27.273	176	5.22e-08	57.8	20
LGR5|mollusc|Bradybaena_similaris|BFZ05148.1	dlaeveM00000971061	26.071	280	6.96e-11	66.6	25
LGR5|mollusc|Bradybaena_similaris|BFZ05148.1	dlaeveM00000971061	25.649	308	1.06e-06	53.1	25
LGR5|mollusc|Bradybaena_similaris|BFZ05148.1	dlaeveM00000971061	26.230	305	1.63e-06	52.8	25
LGR5|mollusc|Bradybaena_similaris|BFZ05148.1	dlaeveM00001065665	24.551	334	7.05e-11	66.6	21
LGR5|mollusc|Bradybaena_similaris|BFZ05148.1	dlaeveM00000909487	27.378	347	8.32e-11	66.2	30
LGR5|mollusc|Bradybaena_similaris|BFZ05148.1	dlaeveM00000909487	25.858	379	2.73e-10	64.7	30
LGR5|mollusc|Bradybaena_similaris|BFZ05148.1	dlaeveM00000909487	33.071	127	7.55e-06	50.4	30
LGR5|mollusc|Bradybaena_similaris|BFZ05148.1	dlaeveM00000622616	25.287	348	9.66e-11	67.0	28
LGR5|mollusc|Bradybaena_similaris|BFZ05148.1	dlaeveM00000622616	23.574	263	8.74e-09	60.5	28
LGR5|mollusc|Bradybaena_similaris|BFZ05148.1	dlaeveM00001636018	35.714	98	1.19e-10	62.4	16
LGR5|mollusc|Bradybaena_similaris|BFZ05148.1	dlaeveM00001636018	27.200	125	5.06e-08	54.7	16
LGR5|mollusc|Bradybaena_similaris|BFZ05148.1	dlaeveM00000968378	23.608	449	1.56e-10	65.5	31
LGR5|mollusc|Bradybaena_similaris|BFZ05148.1	dlaeveM00000968378	28.571	294	1.79e-08	58.9	31
LGR5|mollusc|Bradybaena_similaris|BFZ05148.1	dlaeveM00000968378	25.316	474	1.07e-07	56.6	31
LGR5|mollusc|Bradybaena_similaris|BFZ05148.1	dlaeveM00001203929	35.172	145	2.03e-10	63.2	26
LGR5|mollusc|Bradybaena_similaris|BFZ05148.1	dlaeveM00001203929	27.273	198	4.29e-07	53.1	26
LGR5|mollusc|Bradybaena_similaris|BFZ05148.1	dlaeveM00001203929	31.206	141	1.26e-06	51.6	26
LGR5|mollusc|Bradybaena_similaris|BFZ05148.1	dlaeveM00001203929	24.818	274	2.13e-06	51.2	26
LGR5|mollusc|Bradybaena_similaris|BFZ05148.1	dlaeveM00000970971	26.303	422	2.58e-10	64.7	26
LGR5|mollusc|Bradybaena_similaris|BFZ05148.1	dlaeveM00000970971	29.167	168	2.86e-07	55.1	26
LGR5|mollusc|Bradybaena_similaris|BFZ05148.1	dlaeveM00001138574	21.543	376	2.93e-10	64.3	33
LGR5|mollusc|Bradybaena_similaris|BFZ05148.1	dlaeveM00001138574	26.129	310	5.46e-06	50.8	33
LGR5|mollusc|Bradybaena_similaris|BFZ05148.1	dlaeveM00001089560	26.455	189	3.77e-10	64.7	13
LGR5|mollusc|Bradybaena_similaris|BFZ05148.1	dlaeveM00000968868	24.933	373	5.43e-10	63.5	29
LGR5|mollusc|Bradybaena_similaris|BFZ05148.1	dlaeveM00000968868	26.592	267	8.68e-09	59.7	29
LGR5|mollusc|Bradybaena_similaris|BFZ05148.1	dlaeveM00000968571	28.070	285	6.75e-10	63.5	29
LGR5|mollusc|Bradybaena_similaris|BFZ05148.1	dlaeveM00000968571	26.300	327	2.15e-07	55.5	29
LGR5|mollusc|Bradybaena_similaris|BFZ05148.1	dlaeveM00000971037	27.670	206	8.22e-10	62.8	13
LGR5|mollusc|Bradybaena_similaris|BFZ05148.1	dlaeveM00000972392	27.576	330	9.39e-10	62.4	22
LGR5|mollusc|Bradybaena_similaris|BFZ05148.1	dlaeveM00000909503	27.692	260	1.32e-09	62.0	25
LGR5|mollusc|Bradybaena_similaris|BFZ05148.1	dlaeveM00000909503	27.243	301	5.47e-08	56.6	25
LGR5|mollusc|Bradybaena_similaris|BFZ05148.1	dlaeveM00000968433	24.045	445	1.62e-09	62.0	30
LGR5|mollusc|Bradybaena_similaris|BFZ05148.1	dlaeveM00001359975	21.675	406	2.31e-09	61.6	26
LGR5|mollusc|Bradybaena_similaris|BFZ05148.1	dlaeveM00001565913	29.218	243	2.64e-09	60.8	28
LGR5|mollusc|Bradybaena_similaris|BFZ05148.1	dlaeveM00001565913	29.461	241	1.10e-07	55.8	28
LGR5|mollusc|Bradybaena_similaris|BFZ05148.1	dlaeveM00001357749	25.000	360	2.67e-09	61.2	23
LGR5|mollusc|Bradybaena_similaris|BFZ05148.1	dlaeveM00000971004	28.261	230	2.79e-09	61.6	24
LGR5|mollusc|Bradybaena_similaris|BFZ05148.1	dlaeveM00000971004	27.226	393	3.16e-07	54.7	24
LGR5|mollusc|Bradybaena_similaris|BFZ05148.1	dlaeveM00001495338	24.348	345	3.97e-09	60.5	22
LGR5|mollusc|Bradybaena_similaris|BFZ05148.1	dlaeveM00000693794	26.688	311	4.26e-09	61.6	20
LGR5|mollusc|Bradybaena_similaris|BFZ05148.1	dlaeveM00001581026	27.053	207	4.73e-09	61.2	14
LGR5|mollusc|Bradybaena_similaris|BFZ05148.1	dlaeveM00000070250	23.971	413	6.64e-09	60.8	28
LGR5|mollusc|Bradybaena_similaris|BFZ05148.1	dlaeveM00001021802	23.846	260	6.75e-09	60.5	18
LGR5|mollusc|Bradybaena_similaris|BFZ05148.1	dlaeveM00000578974	27.014	211	7.61e-09	60.5	29
LGR5|mollusc|Bradybaena_similaris|BFZ05148.1	dlaeveM00000578974	23.243	370	6.49e-08	57.4	29
LGR5|mollusc|Bradybaena_similaris|BFZ05148.1	dlaeveM00000578974	25.479	365	1.39e-07	56.2	29
LGR5|mollusc|Bradybaena_similaris|BFZ05148.1	dlaeveM00000909515	26.829	246	7.84e-09	60.1	14
LGR5|mollusc|Bradybaena_similaris|BFZ05148.1	dlaeveM00001600681	27.820	266	9.03e-09	60.5	19
LGR5|mollusc|Bradybaena_similaris|BFZ05148.1	dlaeveM00001003946	29.167	168	9.08e-09	60.5	26
LGR5|mollusc|Bradybaena_similaris|BFZ05148.1	dlaeveM00001003946	38.298	94	9.87e-08	57.0	26
LGR5|mollusc|Bradybaena_similaris|BFZ05148.1	dlaeveM00001003946	25.714	175	3.27e-07	55.5	26
LGR5|mollusc|Bradybaena_similaris|BFZ05148.1	dlaeveM00001003946	36.842	95	2.85e-06	52.4	26
LGR5|mollusc|Bradybaena_similaris|BFZ05148.1	dlaeveM00000773907	26.804	194	1.02e-08	60.1	30
LGR5|mollusc|Bradybaena_similaris|BFZ05148.1	dlaeveM00000773907	24.110	365	2.13e-07	55.8	30
LGR5|mollusc|Bradybaena_similaris|BFZ05148.1	dlaeveM00000773907	25.882	255	3.99e-06	51.6	30
LGR5|mollusc|Bradybaena_similaris|BFZ05148.1	dlaeveM00000538484	32.117	137	1.11e-08	60.1	10
LGR5|mollusc|Bradybaena_similaris|BFZ05148.1	dlaeveM00000968991	26.061	330	1.52e-08	58.9	31
LGR5|mollusc|Bradybaena_similaris|BFZ05148.1	dlaeveM00000968991	24.038	312	8.97e-07	53.5	31
LGR5|mollusc|Bradybaena_similaris|BFZ05148.1	dlaeveM00001068977	29.004	231	1.63e-08	58.9	16
LGR5|mollusc|Bradybaena_similaris|BFZ05148.1	dlaeveM00001117641	28.571	217	1.63e-08	58.5	24
LGR5|mollusc|Bradybaena_similaris|BFZ05148.1	dlaeveM00001117641	31.111	180	1.30e-06	52.4	24
LGR5|mollusc|Bradybaena_similaris|BFZ05148.1	dlaeveM00000823430	29.947	187	1.96e-08	58.9	13
LGR5|mollusc|Bradybaena_similaris|BFZ05148.1	dlaeveM00001554826	30.519	154	1.99e-08	58.9	21
LGR5|mollusc|Bradybaena_similaris|BFZ05148.1	dlaeveM00001554826	34.667	150	5.12e-06	50.8	21
LGR5|mollusc|Bradybaena_similaris|BFZ05148.1	dlaeveM00001067307	24.398	332	2.78e-08	57.8	21
LGR5|mollusc|Bradybaena_similaris|BFZ05148.1	dlaeveM00000968524	24.424	434	3.87e-08	57.8	27
LGR5|mollusc|Bradybaena_similaris|BFZ05148.1	dlaeveM00000968524	23.552	259	5.46e-08	57.4	27
LGR5|mollusc|Bradybaena_similaris|BFZ05148.1	dlaeveM00000968524	32.394	142	1.47e-06	52.8	27
LGR5|mollusc|Bradybaena_similaris|BFZ05148.1	dlaeveM00000968457	24.324	259	4.14e-08	57.8	31
LGR5|mollusc|Bradybaena_similaris|BFZ05148.1	dlaeveM00000968457	24.561	456	1.11e-06	53.1	31
LGR5|mollusc|Bradybaena_similaris|BFZ05148.1	dlaeveM00000971108	25.799	438	4.86e-08	57.4	30
LGR5|mollusc|Bradybaena_similaris|BFZ05148.1	dlaeveM00000971108	25.852	352	1.19e-07	56.2	30
LGR5|mollusc|Bradybaena_similaris|BFZ05148.1	dlaeveM00000971108	29.680	219	2.11e-07	55.5	30
LGR5|mollusc|Bradybaena_similaris|BFZ05148.1	dlaeveM00001361367	25.328	229	5.39e-08	57.8	14
LGR5|mollusc|Bradybaena_similaris|BFZ05148.1	dlaeveM00000909480	27.004	237	6.84e-08	55.8	13
LGR5|mollusc|Bradybaena_similaris|BFZ05148.1	dlaeveM00000314197	28.261	184	7.94e-08	55.5	32
LGR5|mollusc|Bradybaena_similaris|BFZ05148.1	dlaeveM00000314197	29.070	172	1.07e-06	52.0	32
LGR5|mollusc|Bradybaena_similaris|BFZ05148.1	dlaeveM00000314197	27.953	254	9.44e-06	49.3	32
LGR5|mollusc|Bradybaena_similaris|BFZ05148.1	dlaeveM00000909426	27.308	260	8.01e-08	56.6	24
LGR5|mollusc|Bradybaena_similaris|BFZ05148.1	dlaeveM00000909426	25.000	404	2.90e-07	55.1	24
LGR5|mollusc|Bradybaena_similaris|BFZ05148.1	dlaeveM00000618143	24.872	390	9.29e-08	57.0	26
LGR5|mollusc|Bradybaena_similaris|BFZ05148.1	dlaeveM00000993938	23.392	342	1.06e-07	56.2	21
LGR5|mollusc|Bradybaena_similaris|BFZ05148.1	dlaeveM00000909438	27.308	260	1.15e-07	56.2	24
LGR5|mollusc|Bradybaena_similaris|BFZ05148.1	dlaeveM00000909438	25.000	404	3.00e-07	54.7	24
LGR5|mollusc|Bradybaena_similaris|BFZ05148.1	dlaeveM00000682199	25.079	315	1.24e-07	55.8	21
LGR5|mollusc|Bradybaena_similaris|BFZ05148.1	dlaeveM00000103550	31.461	178	1.24e-07	56.6	12
LGR5|mollusc|Bradybaena_similaris|BFZ05148.1	dlaeveM00000685601	30.638	235	2.06e-07	55.5	16
LGR5|mollusc|Bradybaena_similaris|BFZ05148.1	dlaeveM00000009450	37.500	88	3.12e-07	55.5	7
LGR5|mollusc|Bradybaena_similaris|BFZ05148.1	dlaeveM00000009450	36.842	95	5.04e-06	51.6	7
LGR5|mollusc|Bradybaena_similaris|BFZ05148.1	dlaeveM00000283930	23.419	427	3.42e-07	55.5	28
LGR5|mollusc|Bradybaena_similaris|BFZ05148.1	dlaeveM00001237142	26.214	206	4.23e-07	55.1	27
LGR5|mollusc|Bradybaena_similaris|BFZ05148.1	dlaeveM00001237142	29.714	175	2.04e-06	52.8	27
LGR5|mollusc|Bradybaena_similaris|BFZ05148.1	dlaeveM00001156067	22.622	389	5.65e-07	54.7	27
LGR5|mollusc|Bradybaena_similaris|BFZ05148.1	dlaeveM00001055057	23.248	314	7.21e-07	53.1	19
LGR5|mollusc|Bradybaena_similaris|BFZ05148.1	dlaeveM00000685502	29.237	236	8.15e-07	53.9	28
LGR5|mollusc|Bradybaena_similaris|BFZ05148.1	dlaeveM00000685502	23.053	321	3.90e-06	51.6	28
LGR5|mollusc|Bradybaena_similaris|BFZ05148.1	dlaeveM00001317694	21.368	351	9.48e-07	53.1	22
LGR5|mollusc|Bradybaena_similaris|BFZ05148.1	dlaeveM00000503519	35.200	125	1.10e-06	52.4	9
LGR5|mollusc|Bradybaena_similaris|BFZ05148.1	dlaeveM00001609832	27.559	127	1.13e-06	53.1	9
LGR5|mollusc|Bradybaena_similaris|BFZ05148.1	dlaeveM00001492817	29.861	144	1.21e-06	53.5	10
LGR5|mollusc|Bradybaena_similaris|BFZ05148.1	dlaeveM00001191980	27.941	136	1.28e-06	53.1	9
LGR5|mollusc|Bradybaena_similaris|BFZ05148.1	dlaeveM00001633859	36.264	91	1.42e-06	48.1	6
LGR5|mollusc|Bradybaena_similaris|BFZ05148.1	dlaeveM00000080251	24.138	261	1.52e-06	53.1	18
LGR5|mollusc|Bradybaena_similaris|BFZ05148.1	dlaeveM00001000989	23.611	144	2.10e-06	52.4	10
LGR5|mollusc|Bradybaena_similaris|BFZ05148.1	dlaeveM00001521769	29.323	133	2.21e-06	51.2	9
LGR5|mollusc|Bradybaena_similaris|BFZ05148.1	dlaeveM00001214871	28.251	223	2.50e-06	52.4	15
LGR5|mollusc|Bradybaena_similaris|BFZ05148.1	dlaeveM00000968389	25.926	324	2.56e-06	51.6	23
LGR5|mollusc|Bradybaena_similaris|BFZ05148.1	dlaeveM00000768256	26.515	132	2.66e-06	51.6	9
LGR5|mollusc|Bradybaena_similaris|BFZ05148.1	dlaeveM00001025410	21.352	281	2.81e-06	52.0	18
LGR5|mollusc|Bradybaena_similaris|BFZ05148.1	dlaeveM00001378774	23.183	289	3.19e-06	51.2	19
LGR5|mollusc|Bradybaena_similaris|BFZ05148.1	dlaeveM00001494037	22.297	296	3.76e-06	51.2	19
LGR5|mollusc|Bradybaena_similaris|BFZ05148.1	dlaeveM00000074816	21.656	314	4.43e-06	50.8	19
LGR5|mollusc|Bradybaena_similaris|BFZ05148.1	dlaeveM00001004120	27.338	139	4.67e-06	51.2	10
LGR5|mollusc|Bradybaena_similaris|BFZ05148.1	dlaeveM00000819801	25.000	288	6.67e-06	50.1	19
LGR5|mollusc|Bradybaena_similaris|BFZ05148.1	dlaeveM00001206430	25.131	191	6.89e-06	50.4	13
LGR5|mollusc|Bradybaena_similaris|BFZ05148.1	dlaeveM00001599806	26.601	203	6.93e-06	50.8	14
LGR5|mollusc|Bradybaena_similaris|BFZ05148.1	dlaeveM00001182811	24.088	137	7.11e-06	50.4	10
LGR5|mollusc|Bradybaena_similaris|BFZ05148.1	dlaeveM00001241828	24.951	513	7.76e-06	50.8	31
LGR5|mollusc|Bradybaena_similaris|BFZ05148.1	dlaeveM00000034704	18.593	199	8.72e-06	50.1	14
LGR5|mollusc|Bradybaena_similaris|BFZ05148.1	dlaeveM00001071920	21.970	264	9.71e-06	49.3	17
